Generation Number,Elapsed Time,Best Fitness,Average Fitness
0,0.10936093330383301,105,126.02333333333333
1,0.14060735702514648,103,124.78333333333333
2,0.17185449600219727,98,122.78666666666666
3,0.20310115814208984,98,123.44
4,0.23434758186340332,98,122.7
5,0.25440239906311035,98,122.25
6,0.2856409549713135,98,121.96666666666667
7,0.31690096855163574,98,121.91
8,0.3481297492980957,98,121.92333333333333
9,0.3637537956237793,98,121.67333333333333
10,0.39499974250793457,98,122.05333333333333
11,0.4262549877166748,98,121.72
12,0.45749902725219727,98,120.57
13,0.4887411594390869,97,119.87666666666667
14,0.5043635368347168,97,120.81666666666666
15,0.5356147289276123,97,120.29666666666667
16,0.5668559074401855,97,120.97666666666667
17,0.5981078147888184,97,119.77
18,0.6137292385101318,97,119.06666666666666
19,0.6449816226959229,97,118.41333333333333
20,0.6789841651916504,97,119.25666666666666
21,0.7039899826049805,96,118.3
22,0.7195987701416016,96,118.20666666666666
23,0.7546753883361816,96,117.23
24,0.7703061103820801,96,117.12666666666667
25,0.8015453815460205,96,116.52
26,0.8328008651733398,96,117.03
27,0.8640384674072266,96,117.14333333333333
28,0.8796658515930176,96,117.07
29,0.9109189510345459,95,115.52666666666667
30,0.9421563148498535,95,115.95333333333333
31,0.957789421081543,95,115.48666666666666
32,0.9890241622924805,93,114.76333333333334
33,1.0046496391296387,93,113.85333333333334
34,1.0359058380126953,93,112.49333333333334
35,1.0671417713165283,90,112.30666666666667
36,1.0827665328979492,87,110.79666666666667
37,1.1140108108520508,87,109.76333333333334
38,1.1296417713165283,87,109.61666666666666
39,1.160888671875,87,109.03333333333333
40,1.176504373550415,87,108.17
41,1.207751989364624,87,107.23
42,1.2389981746673584,87,106.56666666666666
43,1.2586798667907715,87,105.83
44,1.2743403911590576,87,104.44333333333333
45,1.3055915832519531,87,103.75666666666666
46,1.336841344833374,87,103.12666666666667
47,1.3524589538574219,87,102.87
48,1.3837120532989502,87,101.18
49,1.3993332386016846,87,100.41
50,1.4305739402770996,81,98.75333333333333
51,1.4462006092071533,81,97.76666666666667
52,1.4827613830566406,81,97.84333333333333
53,1.505903720855713,81,96.75
54,1.5301449298858643,81,96.05333333333333
55,1.5457665920257568,81,95.92
56,1.577014684677124,81,95.05666666666667
57,1.5926454067230225,81,94.28666666666666
58,1.6238913536071777,81,93.76666666666667
59,1.6395063400268555,81,92.74666666666667
60,1.670755386352539,80,90.86333333333333
61,1.6863760948181152,80,89.51
62,1.7176289558410645,79,88.81666666666666
63,1.7332508563995361,79,88.03666666666666
64,1.7526822090148926,79,87.53666666666666
65,1.7839806079864502,79,87.09
66,1.7996127605438232,79,86.11666666666666
67,1.8308470249176025,79,86.10333333333334
68,1.8464665412902832,79,84.99
69,1.8777234554290771,79,83.95
70,1.9089603424072266,79,83.66
71,1.9245843887329102,79,83.42
72,1.9558472633361816,79,83.15666666666667
73,1.9714529514312744,79,82.33
74,2.002713441848755,79,82.01333333333334
75,2.0183262825012207,79,81.75333333333333
76,2.0495712757110596,78,81.73
77,2.0651941299438477,78,81.54
78,2.0964441299438477,76,81.27
79,2.1276931762695312,76,81.45666666666666
80,2.1433184146881104,76,81.62333333333333
81,2.1745574474334717,76,81.06666666666666
82,2.1901800632476807,76,81.16666666666667
83,2.2214279174804688,75,80.67333333333333
84,2.237053394317627,75,80.70333333333333
85,2.272427558898926,75,80.93666666666667
86,2.303680896759033,75,80.33
87,2.319293975830078,75,80.09666666666666
88,2.350541114807129,75,79.14666666666666
89,2.3661632537841797,75,79.42
90,2.397413730621338,75,79.24333333333334
91,2.4286603927612305,75,79.00666666666666
92,2.4442903995513916,75,78.51333333333334
93,2.4755356311798096,75,78.68
94,2.4911532402038574,75,78.11333333333333
95,2.5223968029022217,75,77.69
96,2.5380218029022217,75,78.25666666666666
97,2.5692684650421143,75,77.81333333333333
98,2.6005146503448486,75,77.63
99,2.616136074066162,75,78.03333333333333
100,2.6523890495300293,75,77.38666666666667
101,2.673408031463623,75,77.38
102,2.689030170440674,75,77.85333333333334
103,2.720276117324829,75,77.63666666666667
104,2.735914468765259,75,76.78
105,2.7712783813476562,75,77.64666666666666
106,2.7869510650634766,75,77.66
107,2.818195104598999,75,78.17666666666666
108,2.8494417667388916,75,77.78666666666666
109,2.8650639057159424,75,77.81333333333333
110,2.896310329437256,75,77.50333333333333
111,2.9275588989257812,75,77.28333333333333
112,2.9431819915771484,75,77.74333333333334
113,2.9744255542755127,75,77.55666666666667
114,2.9900505542755127,75,77.93666666666667
115,3.0213048458099365,75,77.78333333333333
116,3.0525527000427246,75,77.68333333333334
117,3.0681700706481934,75,77.54
118,3.0994157791137695,75,77.38333333333334
119,3.1150355339050293,75,77.58333333333333
120,3.14628267288208,75,77.51
121,3.177534341812134,75,77.57666666666667
122,3.1931607723236084,75,77.22333333333333
123,3.224400281906128,75,77.49333333333334
124,3.255655288696289,75,78.09
125,3.2752091884613037,75,77.65
126,3.3065030574798584,75,77.13
127,3.322127342224121,75,77.10333333333334
128,3.353369951248169,75,77.85666666666667
129,3.3690052032470703,75,77.38
130,3.4002397060394287,75,77.61666666666666
131,3.431490421295166,75,77.47666666666667
132,3.447113513946533,75,77.38
133,3.478358507156372,75,77.97333333333333
134,3.5096044540405273,75,77.48333333333333
135,3.5252270698547363,75,77.03666666666666
136,3.5564770698547363,75,77.57333333333334
137,3.5721001625061035,75,76.89
138,3.603346109390259,75,76.92666666666666
139,3.634594678878784,75,77.35666666666667
140,3.6502158641815186,75,77.38666666666667
141,3.681462526321411,75,77.1
142,3.712711811065674,75,77.47666666666667
143,3.7283360958099365,75,77.97
144,3.759577989578247,75,77.49666666666667
145,3.779209613800049,75,77.61666666666666
146,3.8104991912841797,75,77.31666666666666
147,3.826127529144287,75,77.52333333333333
148,3.8573696613311768,75,77.26
149,3.8886163234710693,75,77.21666666666667
150,3.904237985610962,75,77.40333333333334
151,3.93548846244812,75,77.07333333333334
152,3.951106548309326,75,76.85333333333334
153,3.982353687286377,75,76.72333333333333
154,4.013602256774902,75,77.42666666666666
155,4.029223442077637,75,77.19
156,4.060471296310425,75,77.28
157,4.0760931968688965,75,76.99666666666667
158,4.107342958450317,75,77.43333333333334
159,4.13859486579895,75,78.58333333333333
160,4.154224872589111,75,77.56
161,4.185458421707153,75,78.02
162,4.216702699661255,75,76.98666666666666
163,4.232329368591309,75,76.89666666666666
164,4.263572692871094,75,77.47666666666667
165,4.2828898429870605,75,77.85333333333334
166,4.314187288284302,75,77.71
167,4.345430374145508,75,77.69666666666667
168,4.361050605773926,75,77.27
169,4.392309665679932,75,76.89
170,4.423544406890869,75,77.62666666666667
171,4.439167499542236,75,77.43666666666667
172,4.470425605773926,75,77.48
173,4.486037969589233,75,78.27333333333333
174,4.5172834396362305,75,77.08333333333333
175,4.548532962799072,75,77.15
176,4.564154148101807,75,77.78
177,4.595402002334595,75,77.09333333333333
178,4.626650094985962,75,77.06
179,4.657906532287598,75,77.45
180,4.673517227172852,75,76.78333333333333
181,4.704772472381592,75,76.91666666666667
182,4.720387935638428,75,77.73666666666666
183,4.751637935638428,75,76.96333333333334
184,4.785844087600708,75,77.37
185,4.8026368618011475,75,77.90333333333334
186,4.833924770355225,75,77.16666666666667
187,4.849550485610962,75,77.43
188,4.876461982727051,75,77.45333333333333
189,4.907762050628662,75,77.8
190,4.939005613327026,75,77.54333333333334
191,4.954638957977295,75,77.40333333333334
192,4.985880613327026,75,77.28
193,5.001498222351074,75,77.20666666666666
194,5.032745838165283,75,77.25
195,5.064001560211182,75,77.27666666666667
196,5.079617738723755,75,77.07666666666667
197,5.110865354537964,75,77.11666666666666
198,5.142108678817749,75,77.58333333333333
199,5.157733678817749,75,77.71666666666667
200,5.188984155654907,75,77.49666666666667
201,5.204603910446167,75,77.8
202,5.235848426818848,75,76.83666666666667
203,5.2670958042144775,75,77.4
204,5.282725095748901,75,77.84333333333333
205,5.317201852798462,75,76.85
206,5.3328328132629395,75,77.44666666666667
207,5.364078521728516,75,77.39
208,5.395318508148193,75,77.39333333333333
209,5.410939931869507,75,77.52
210,5.442187070846558,75,77.53333333333333
211,5.473433017730713,75,77.69333333333333
212,5.489058256149292,75,77.30333333333333
213,5.5203118324279785,75,77.13333333333334
214,5.551553726196289,75,77.38333333333334
215,5.567183971405029,75,77.55333333333333
216,5.59843111038208,75,77.89
217,5.629676342010498,75,77.89666666666666
218,5.660916328430176,75,78.12
219,5.67653751373291,75,77.75666666666666
220,5.707792043685913,75,77.55333333333333
221,5.739036321640015,75,77.23
222,5.754655361175537,75,77.20666666666666
223,5.785905599594116,75,77.15666666666667
224,5.805599927902222,75,77.91666666666667
225,5.836899042129517,75,77.25666666666666
226,5.868143796920776,75,77.21
227,5.8837621212005615,75,77.83
228,5.915010690689087,75,77.61666666666666
229,5.946264982223511,75,77.81
230,5.961878538131714,75,77.40666666666667
231,5.993131875991821,75,77.53666666666666
232,6.024377346038818,75,77.91333333333333
233,6.040005922317505,75,76.89666666666666
234,6.071240663528442,75,77.14
235,6.1024885177612305,75,77.17666666666666
236,6.118113279342651,75,77.19333333333333
237,6.14935827255249,75,77.33333333333333
238,6.180607080459595,75,77.04333333333334
239,6.196238994598389,75,77.15
240,6.227477550506592,75,77.17
241,6.258725643157959,75,77.87333333333333
242,6.274348735809326,75,77.44666666666667
243,6.309528589248657,75,77.09333333333333
244,6.325157165527344,75,77.08
245,6.356446981430054,75,77.53666666666666
246,6.3876941204071045,75,78.52333333333333
247,6.403315544128418,75,77.97
248,6.4345619678497314,75,77.85333333333334
249,6.465806484222412,75,77.95666666666666
250,6.4814293384552,75,77.34333333333333
251,6.512680292129517,75,77.47333333333333
252,6.548296689987183,75,77.45
253,6.565354108810425,75,77.29333333333334
254,6.596653938293457,75,77.03333333333333
255,6.612274408340454,75,76.81666666666666
256,6.643522262573242,75,77.26333333333334
257,6.674769401550293,75,77.23
258,6.706014156341553,75,77.63
259,6.7216386795043945,75,77.89
260,6.752883195877075,75,78.13333333333334
261,6.78413200378418,75,77.42666666666666
262,6.799755573272705,75,77.71333333333334
263,6.835328102111816,75,77.64
264,6.866591691970825,75,77.58
265,6.882197618484497,75,77.79666666666667
266,6.913443565368652,75,77.65
267,6.944692850112915,75,77.56666666666666
268,6.960313558578491,75,77.63333333333334
269,6.9915666580200195,75,77.40666666666667
270,7.022809743881226,75,78.03666666666666
271,7.038432359695435,75,77.55
272,7.069679260253906,75,77.33666666666667
273,7.100937843322754,75,77.02
274,7.116551876068115,75,77.27666666666667
275,7.147805690765381,75,77.45
276,7.179043292999268,75,77.51333333333334
277,7.210288047790527,75,77.29333333333334
278,7.225909948348999,75,77.43333333333334
279,7.257157564163208,75,77.17
280,7.2884063720703125,75,77.27
281,7.304037094116211,75,77.64666666666666
282,7.34016227722168,75,76.88666666666667
283,7.355777263641357,75,76.79333333333334
284,7.38702130317688,75,77.13666666666667
285,7.418270111083984,75,77.28333333333333
286,7.4338908195495605,75,77.33333333333333
287,7.4651384353637695,75,77.51333333333334
288,7.49638819694519,75,76.83
289,7.512012243270874,75,76.80666666666667
290,7.543265342712402,75,77.41
291,7.574503421783447,75,77.51666666666667
292,7.590133905410767,75,77.93
293,7.6213696002960205,75,77.62333333333333
294,7.652618885040283,75,77.49333333333334
295,7.6788740158081055,75,77.81333333333333
296,7.6945555210113525,75,77.6
297,7.725802898406982,75,77.97666666666667
298,7.757041692733765,75,77.26
299,7.772662162780762,75,77.33333333333333
300,7.803916692733765,75,77.74333333333334
301,7.8379130363464355,75,77.49
302,7.854942083358765,75,77.15
303,7.886194705963135,75,77.4
304,7.901815176010132,75,77.59666666666666
305,7.933060646057129,75,77.18333333333334
306,7.964316368103027,75,77.39
307,7.979930639266968,75,77.22
308,8.01117491722107,75,77.47333333333333
309,8.042423725128174,75,77.19
310,8.05805230140686,75,77.13
311,8.089291095733643,75,77.49333333333334
312,8.120540380477905,75,76.98666666666666
313,8.136163234710693,75,77.05333333333333
314,8.16741156578064,75,76.78
315,8.198657989501953,75,76.86333333333333
316,8.214279413223267,75,76.99
317,8.245524883270264,75,77.27
318,8.261147737503052,75,77.31
319,8.292395830154419,75,77.85333333333334
320,8.323644399642944,75,77.29666666666667
321,8.342836856842041,75,77.42666666666666
322,8.374133110046387,75,77.32666666666667
323,8.389751434326172,75,77.43
324,8.420998573303223,75,78.02
325,8.452245235443115,75,77.69333333333333
326,8.467880249023438,75,77.41666666666667
327,8.49911880493164,75,77.7
328,8.53036117553711,75,77.45333333333333
329,8.545984983444214,75,78.0
330,8.577232837677002,75,77.61666666666666
331,8.60848593711853,75,77.42666666666666
332,8.624101877212524,75,77.33333333333333
333,8.655347347259521,75,77.33333333333333
334,8.686598062515259,75,77.23333333333333
335,8.702227354049683,75,78.17666666666666
336,8.733464241027832,75,77.24333333333334
337,8.764716863632202,75,77.05333333333333
338,8.795964479446411,75,77.52666666666667
339,8.811590909957886,75,77.14666666666666
340,8.846782922744751,75,77.74333333333334
341,8.862411499023438,75,77.83666666666667
342,8.893698453903198,75,78.16333333333333
343,8.924943923950195,75,77.29333333333334
344,8.940570592880249,75,77.27
345,8.971829175949097,75,77.89
346,9.003061771392822,75,78.14333333333333
347,9.018684148788452,75,78.15666666666667
348,9.049931049346924,75,77.13333333333334
349,9.081176519393921,75,77.85
350,9.096801519393921,75,77.41333333333333
351,9.128052711486816,75,77.06
352,9.159305095672607,75,76.94666666666667
353,9.174916505813599,75,77.04666666666667
354,9.206183671951294,75,77.43
355,9.237409830093384,75,77.41666666666667
356,9.253043174743652,75,77.4
357,9.284280061721802,75,77.19666666666667
358,9.315528154373169,75,77.50333333333333
359,9.33115005493164,75,77.22
360,9.367357015609741,75,77.52333333333333
361,9.383020162582397,75,77.42666666666666
362,9.414265632629395,75,77.25
363,9.4455246925354,75,77.18666666666667
364,9.461140394210815,75,77.88333333333334
365,9.498302698135376,75,76.86
366,9.51908826828003,75,76.83333333333333
367,9.534701108932495,75,77.58
368,9.565950632095337,75,77.30333333333333
369,9.597196340560913,75,77.07666666666667
370,9.612817764282227,75,77.39333333333333
371,9.64406442642212,75,77.22666666666667
372,9.675313949584961,75,77.36333333333333
373,9.690934181213379,75,77.28666666666666
374,9.722198963165283,75,77.08333333333333
375,9.753430128097534,75,77.42
376,9.769054174423218,75,77.05333333333333
377,9.800297975540161,75,76.82666666666667
378,9.83155632019043,75,77.59
379,9.851096630096436,75,77.32333333333334
380,9.882387161254883,75,77.68
381,9.898011445999146,75,77.23333333333333
382,9.929261207580566,75,77.93666666666667
383,9.960461378097534,75,77.75
384,9.97608470916748,75,77.67333333333333
385,10.007331132888794,75,77.15
386,10.02295446395874,75,77.22
387,10.05420184135437,75,77.61
388,10.085447311401367,75,76.98666666666666
389,10.101071119308472,75,77.73666666666666
390,10.132317304611206,75,77.17333333333333
391,10.14794135093689,75,77.55
392,10.179187774658203,75,77.61333333333333
393,10.210434198379517,75,77.53
394,10.226058006286621,75,77.33666666666667
395,10.257303953170776,75,77.28666666666666
396,10.27292799949646,75,77.1
397,10.304174184799194,75,77.32
398,10.335420370101929,75,77.83333333333333
399,10.354918956756592,75,77.68666666666667
400,10.38620376586914,75,77.32
401,10.40182900428772,75,77.44666666666667
402,10.433079242706299,75,77.2
403,10.448698282241821,75,77.75333333333333
404,10.479945421218872,75,77.82
405,10.51119089126587,75,77.34666666666666
406,10.526815176010132,75,77.39666666666666
407,10.558061361312866,75,77.54
408,10.573685884475708,75,77.06
409,10.604931116104126,75,77.99333333333334
410,10.636176824569702,75,77.47
411,10.651801109313965,75,77.17333333333333
412,10.683046579360962,75,77.74
413,10.698677778244019,75,77.59333333333333
414,10.729921817779541,75,77.03666666666666
415,10.761174440383911,75,76.53666666666666
416,10.776798725128174,75,77.49666666666667
417,10.808035373687744,75,77.26
418,10.823659896850586,75,77.58666666666667
419,10.861828327178955,75,77.59666666666666
420,10.881836175918579,75,77.29666666666667
421,10.897462368011475,75,77.26333333333334
422,10.928707122802734,75,76.80333333333333
423,10.959954977035522,75,77.65
424,10.975578784942627,75,77.42
425,11.006821632385254,75,77.59
426,11.022443056106567,75,77.52333333333333
427,11.053695917129517,75,77.47333333333333
428,11.084936618804932,75,77.63333333333334
429,11.10056209564209,75,78.41333333333333
430,11.13180661201477,75,77.81
431,11.147429466247559,75,77.85666666666667
432,11.178676128387451,75,78.14666666666666
433,11.209922790527344,75,77.34333333333333
434,11.225552320480347,75,77.5
435,11.256803035736084,75,77.28
436,11.272426843643188,75,77.63333333333334
437,11.303666114807129,75,77.82
438,11.33491325378418,75,77.53666666666666
439,11.35054063796997,75,77.47
440,11.385356664657593,75,77.11666666666666
441,11.400971174240112,75,76.94
442,11.432218074798584,75,77.42
443,11.44784140586853,75,77.41
444,11.479089975357056,75,77.22333333333333
445,11.510335445404053,75,77.46
446,11.525967597961426,75,77.89333333333333
447,11.557204723358154,75,77.41666666666667
448,11.572835445404053,75,77.26
449,11.599599361419678,75,77.10333333333334
450,11.630903244018555,75,77.56666666666666
451,11.646520614624023,75,78.37333333333333
452,11.677785634994507,75,77.67333333333333
453,11.709015846252441,75,76.88
454,11.724651098251343,75,77.35666666666667
455,11.755881786346436,75,77.43666666666667
456,11.771515846252441,75,77.77333333333333
457,11.80275297164917,75,77.24666666666667
458,11.818378448486328,75,77.60333333333334
459,11.849624156951904,75,77.51
460,11.880872249603271,75,77.73
461,11.900683641433716,75,77.07666666666667
462,11.916346788406372,75,77.45
463,11.947601079940796,75,77.83
464,11.978843450546265,75,77.89666666666666
465,11.99446439743042,75,77.79333333333334
466,12.025710582733154,75,77.75
467,12.041335582733154,75,77.37333333333333
468,12.07258415222168,75,77.44333333333333
469,12.103835105895996,75,77.73333333333333
470,12.119451999664307,75,77.77666666666667
471,12.150697708129883,75,77.95333333333333
472,12.16633129119873,75,77.79666666666667
473,12.19756817817688,75,77.69666666666667
474,12.228814125061035,75,77.34
475,12.244441032409668,75,77.24333333333334
476,12.275690793991089,75,76.78
477,12.306929349899292,75,77.09
478,12.322556018829346,75,77.13
479,12.353801965713501,75,77.62
480,12.36942720413208,75,77.47666666666667
481,12.4055655002594,75,77.50333333333333
482,12.421186685562134,75,77.57
483,12.452433347702026,75,77.02666666666667
484,12.483683347702026,75,77.40666666666667
485,12.499303102493286,75,77.78666666666666
486,12.530550241470337,75,77.28666666666666
487,12.561797142028809,75,77.19666666666667
488,12.577431678771973,75,77.13666666666667
489,12.608668327331543,75,77.22333333333333
490,12.624303579330444,75,77.03333333333333
491,12.655540227890015,75,77.5
492,12.691055297851562,75,77.05
493,12.713660955429077,75,77.75
494,12.729284524917603,75,77.56333333333333
495,12.760522842407227,75,77.59333333333333
496,12.79177474975586,75,77.23
497,12.807392358779907,75,77.11
498,12.838647842407227,75,77.20666666666666
499,12.854264736175537,75,77.2
500,12.889486074447632,75,77.00666666666666
501,12.905114889144897,75,78.18666666666667
502,12.936402082443237,75,77.12
503,12.967652082443237,75,77.86
504,12.983274221420288,75,77.03333333333333
505,13.014520406723022,75,77.66666666666667
506,13.03014588356018,75,76.75
507,13.061386585235596,75,76.73333333333333
508,13.077010154724121,75,77.21666666666667
509,13.108256578445435,75,76.93666666666667
510,13.13950490951538,75,77.51333333333334
511,13.155132293701172,75,77.29333333333334
512,13.18637490272522,75,77.88666666666667
513,13.201997756958008,75,77.06333333333333
514,13.233251571655273,75,77.46666666666667
515,13.24886965751648,75,76.88333333333334
516,13.280118942260742,75,77.75
517,13.311368227005005,75,77.34666666666666
518,13.326992273330688,75,77.56
519,13.358231544494629,75,77.53
520,13.373853206634521,75,77.32666666666667
521,13.409350156784058,75,77.89
522,13.42497205734253,75,78.46666666666667
523,13.452810525894165,75,77.94333333333333
524,13.48410701751709,75,77.62333333333333
525,13.49974012374878,75,77.60333333333334
526,13.530982255935669,75,76.95333333333333
527,13.54660415649414,75,76.91333333333333
528,13.577851057052612,75,77.32333333333334
529,13.593474626541138,75,77.60666666666667
530,13.624732732772827,75,77.39333333333333
531,13.655962944030762,75,77.8
532,13.671596765518188,75,77.81
533,13.7028329372406,75,77.80666666666667
534,13.718478202819824,75,77.84
535,13.749706506729126,75,77.45666666666666
536,13.780956029891968,75,77.61
537,13.796574831008911,75,77.67333333333333
538,13.827820062637329,75,77.60333333333334
539,13.843443393707275,75,77.67
540,13.87468957901001,75,77.76
541,13.89447569847107,75,77.53
542,13.925769090652466,75,77.41
543,13.941390037536621,75,77.28333333333333
544,13.972640037536621,75,77.41666666666667
545,13.988260984420776,75,77.32666666666667
546,14.019509553909302,75,77.17
547,14.050756931304932,75,77.28666666666666
548,14.066381216049194,75,77.20333333333333
549,14.097634315490723,75,77.02
550,14.113247871398926,75,77.35666666666667
551,14.144494533538818,75,77.92333333333333
552,14.160126686096191,75,77.26666666666667
553,14.191367387771606,75,77.56666666666666
554,14.222613096237183,75,78.20333333333333
555,14.238233089447021,75,77.36666666666666
556,14.269481182098389,75,77.25333333333333
557,14.285104990005493,75,77.41
558,14.316349983215332,75,77.71333333333334
559,14.347601175308228,75,77.54
560,14.363221168518066,75,77.74
561,14.396728277206421,75,77.66666666666667
562,14.412403583526611,75,76.93333333333334
563,14.443642854690552,75,77.79
564,14.459276676177979,75,77.63333333333334
565,14.490513563156128,75,77.84333333333333
566,14.50614619255066,75,77.64
567,14.537389755249023,75,77.38333333333334
568,14.568641424179077,75,77.33666666666667
569,14.584269523620605,75,77.42666666666666
570,14.615501403808594,75,77.64666666666666
571,14.631122589111328,75,77.64333333333333
572,14.662373542785645,75,77.29
573,14.677993774414062,75,77.19
574,14.70924162864685,75,77.46666666666667
575,14.740488767623901,75,77.37333333333333
576,14.756110429763794,75,77.86
577,14.787359952926636,75,77.92333333333333
578,14.802989721298218,75,77.81
579,14.834226131439209,75,77.84333333333333
580,14.84985065460205,75,77.9
581,14.881103992462158,75,77.69
582,14.900527715682983,75,76.87
583,14.931819438934326,75,77.27333333333333
584,14.963068723678589,75,77.14333333333333
585,14.978697776794434,75,77.37
586,15.009935855865479,75,77.14333333333333
587,15.02556324005127,75,77.79
588,15.056812763214111,75,77.75333333333333
589,15.07242727279663,75,77.57333333333334
590,15.103683948516846,75,77.7
591,15.134921789169312,75,77.67
592,15.150547742843628,75,77.08
593,15.181794166564941,75,77.15
594,15.197415113449097,75,77.12
595,15.22866415977478,75,77.33333333333333
596,15.259907722473145,75,77.61333333333333
597,15.27554202079773,75,78.23
598,15.306796312332153,75,77.86333333333333
599,15.322404861450195,75,77.20666666666666
600,15.353649377822876,75,77.53333333333333
601,15.384904861450195,75,76.85333333333334
602,15.403105974197388,75,77.14666666666666
603,15.434406518936157,75,77.30333333333333
604,15.465648412704468,75,77.29666666666667
605,15.481266736984253,75,77.5
606,15.512513399124146,75,77.34
607,15.528136730194092,75,77.34666666666666
608,15.559386491775513,75,77.81
609,15.590632200241089,75,78.21
610,15.60626482963562,75,77.95
611,15.637505292892456,75,76.90333333333334
612,15.671442985534668,75,77.52
613,15.695998668670654,75,77.78
614,15.711623430252075,75,77.42666666666666
615,15.742869138717651,75,77.35
616,15.758490085601807,75,77.06333333333333
617,15.789737224578857,75,77.23
618,15.820982694625854,75,77.58
619,15.836612224578857,75,76.89
620,15.867855310440063,75,77.41333333333333
621,15.899103164672852,75,77.33
622,15.919587850570679,75,77.66
623,15.950883388519287,75,77.46333333333334
624,15.96650218963623,75,77.62666666666667
625,15.997754096984863,75,77.15
626,16.028996467590332,75,77.55333333333333
627,16.044622898101807,75,77.41333333333333
628,16.075872898101807,75,77.57
629,16.10711169242859,75,77.13666666666667
630,16.122738361358643,75,77.15
631,16.153982400894165,75,77.00333333333333
632,16.18523144721985,75,77.26333333333334
633,16.20085334777832,75,76.76
634,16.23210859298706,75,77.35666666666667
635,16.26334571838379,75,77.19333333333333
636,16.278972864151,75,77.26666666666667
637,16.31022334098816,75,77.40666666666667
638,16.325849294662476,75,77.75666666666666
639,16.35708522796631,75,77.91666666666667
640,16.388336181640625,75,77.81333333333333
641,16.40395998954773,75,77.36333333333333
642,16.435210704803467,75,77.8
643,16.450825929641724,75,77.18333333333334
644,16.482072353363037,75,77.1
645,16.513324737548828,75,77.21333333333334
646,16.528942346572876,75,76.86
647,16.56018829345703,75,76.79666666666667
648,16.59143567085266,75,77.57666666666667
649,16.618322610855103,75,77.79333333333334
650,16.643293619155884,75,77.74
651,16.659970998764038,75,77.97666666666667
652,16.691216230392456,75,77.87666666666667
653,16.706839561462402,75,78.38
654,16.7380850315094,75,77.77333333333333
655,16.769333600997925,75,77.81
656,16.784955739974976,75,77.81
657,16.816203117370605,75,77.21666666666667
658,16.831826210021973,75,77.44333333333333
659,16.86307168006897,75,77.72333333333333
660,16.89431929588318,75,77.27
661,16.909942626953125,75,77.07
662,16.92953372001648,75,77.33666666666667
663,16.96082830429077,75,77.30666666666667
664,16.99207377433777,75,77.02
665,17.007696866989136,75,77.58
666,17.038944959640503,75,78.05333333333333
667,17.054564237594604,75,77.96666666666667
668,17.08581781387329,75,77.81666666666666
669,17.117061853408813,75,78.08666666666667
670,17.132681846618652,75,77.77
671,17.16392946243286,75,77.80666666666667
672,17.17955446243286,75,77.73
673,17.210798978805542,75,77.78666666666666
674,17.24204421043396,75,77.98333333333333
675,17.257669687271118,75,77.46
676,17.288879871368408,75,77.58333333333333
677,17.304539680480957,75,77.22
678,17.335787057876587,75,77.09333333333333
679,17.35140824317932,75,77.13
680,17.3826744556427,75,77.30666666666667
681,17.413901329040527,75,77.4
682,17.433663845062256,75,77.43
683,17.464953660964966,75,76.88333333333334
684,17.480579137802124,75,76.91
685,17.511822938919067,75,77.60666666666667
686,17.527450561523438,75,77.03333333333333
687,17.558695316314697,75,77.35333333333334
688,17.574315786361694,75,77.24
689,17.605562210083008,75,77.45
690,17.636810779571533,75,77.07666666666667
691,17.652435779571533,75,77.07333333333334
692,17.683685302734375,75,77.23333333333333
693,17.710346937179565,75,77.17
694,17.726030111312866,75,77.65333333333334
695,17.757266998291016,75,77.78
696,17.77289628982544,75,77.90666666666667
697,17.804142475128174,75,77.62666666666667
698,17.835386037826538,75,77.42666666666666
699,17.851003885269165,75,77.33333333333333
700,17.882250547409058,75,77.16666666666667
701,17.89787459373474,75,77.12333333333333
702,17.92913246154785,75,77.42666666666666
703,17.948973655700684,75,77.18333333333334
704,17.98026442527771,75,77.42
705,17.995888233184814,75,77.18
706,18.02714228630066,75,77.05333333333333
707,18.042769193649292,75,77.68666666666667
708,18.07400345802307,75,77.34333333333333
709,18.10526204109192,75,77.09333333333333
710,18.120880842208862,75,77.28
711,18.1521213054657,75,77.57
712,18.167744398117065,75,77.12
713,18.19900107383728,75,76.83
714,18.214616775512695,75,77.09
715,18.24586296081543,75,76.88333333333334
716,18.277114629745483,75,77.30666666666667
717,18.292733669281006,75,77.32666666666667
718,18.32397961616516,75,77.34666666666666
719,18.339600563049316,75,77.46333333333334
720,18.37085485458374,75,77.86333333333333
721,18.386472702026367,75,77.37666666666667
722,18.417720317840576,75,77.37333333333333
723,18.448963165283203,75,77.15
724,18.46914315223694,75,77.37333333333333
725,18.484779834747314,75,77.53666666666666
726,18.516013860702515,75,77.22333333333333
727,18.547258377075195,75,77.19333333333333
728,18.56288242340088,75,77.71
729,18.594130754470825,75,77.24
730,18.60975670814514,75,77.05666666666667
731,18.641005039215088,75,77.68
732,18.656623601913452,75,77.33333333333333
733,18.687868356704712,75,77.56333333333333
734,18.719123601913452,75,76.97
735,18.734739065170288,75,77.43666666666667
736,18.765986442565918,75,77.30666666666667
737,18.781611680984497,75,77.34
738,18.81285572052002,75,77.52
739,18.84410285949707,75,77.51333333333334
740,18.859735250473022,75,77.56333333333333
741,18.890981674194336,75,77.73
742,18.906596183776855,75,77.16666666666667
743,18.93784236907959,75,77.41333333333333
744,18.957419872283936,75,77.38333333333334
745,18.988715410232544,75,77.42
746,19.00433611869812,75,77.27666666666667
747,19.035592079162598,75,77.50666666666666
748,19.06682801246643,75,77.61333333333333
749,19.082457304000854,75,77.52
750,19.11370587348938,75,76.99333333333334
751,19.129328727722168,75,77.13333333333334
752,19.16057586669922,75,77.96333333333334
753,19.176196336746216,75,78.0
754,19.20743751525879,75,78.13
755,19.238688945770264,75,77.66
756,19.25431489944458,75,77.27333333333333
757,19.28555464744568,75,77.18666666666667
758,19.301177263259888,75,77.28
759,19.332426071166992,75,77.4
760,19.348047494888306,75,77.33666666666667
761,19.37929606437683,75,77.50666666666666
762,19.410541772842407,75,76.93666666666667
763,19.42616844177246,75,77.32333333333334
764,19.461223125457764,75,77.44666666666667
765,19.476903438568115,75,77.02666666666667
766,19.50814437866211,75,77.55333333333333
767,19.52376413345337,75,77.64
768,19.554964542388916,75,76.98666666666666
769,19.586209774017334,75,77.27
770,19.60183548927307,75,77.46333333333334
771,19.63308024406433,75,78.00666666666666
772,19.664327383041382,75,77.76
773,19.67994976043701,75,77.99
774,19.71119713783264,75,77.76
775,19.72686791419983,75,77.62
776,19.758113145828247,75,76.96333333333334
777,19.789368152618408,75,77.04
778,19.804982662200928,75,77.85
779,19.836236238479614,75,78.02333333333333
780,19.867473602294922,75,77.95666666666666
781,19.883109092712402,75,77.62
782,19.91434621810913,75,77.40333333333334
783,19.942647695541382,75,77.67
784,19.962316513061523,75,77.29666666666667
785,19.99361562728882,75,78.13333333333334
786,20.009246826171875,75,77.93333333333334
787,20.040481090545654,75,77.53
788,20.071680545806885,75,77.07333333333334
789,20.087303638458252,75,77.38333333333334
790,20.11855435371399,75,77.18666666666667
791,20.149796724319458,75,77.31666666666666
792,20.18104362487793,75,76.98333333333333
793,20.196666717529297,75,77.67
794,20.227917432785034,75,77.29
795,20.259206295013428,75,77.38
796,20.274827003479004,75,78.02666666666667
797,20.306074380874634,75,77.46666666666667
798,20.33732008934021,75,77.07666666666667
799,20.35294508934021,75,77.9
800,20.384204387664795,75,78.18333333333334
801,20.399813652038574,75,77.56333333333333
802,20.431063175201416,75,77.01333333333334
803,20.462310075759888,75,77.09
804,20.482285737991333,75,76.95
805,20.513540983200073,75,77.45333333333333
806,20.52915382385254,75,77.43333333333334
807,20.560405015945435,75,77.53666666666666
808,20.576016426086426,75,77.36666666666666
809,20.60726499557495,75,77.33
810,20.638511896133423,75,77.71666666666667
811,20.654139518737793,75,77.41
812,20.68538737297058,75,77.41
813,20.70100474357605,75,77.39333333333333
814,20.732253551483154,75,77.66333333333333
815,20.76349973678589,75,77.80333333333333
816,20.779122829437256,75,77.25666666666666
817,20.810322999954224,75,77.10333333333334
818,20.826432704925537,75,77.6
819,20.85768485069275,75,77.04
820,20.888931274414062,75,77.14333333333333
821,20.90455460548401,75,77.67
822,20.93580150604248,75,77.75333333333333
823,20.967048168182373,75,77.57
824,20.98676347732544,75,77.53333333333333
825,21.01806092262268,75,77.39666666666666
826,21.033673763275146,75,77.46
827,21.06491994857788,75,77.76333333333334
828,21.080543756484985,75,77.35333333333334
829,21.11179256439209,75,76.8
830,21.127412796020508,75,76.95333333333333
831,21.15866470336914,75,76.72666666666667
832,21.18991184234619,75,77.05
833,21.205547094345093,75,77.48
834,21.23677659034729,75,77.34666666666666
835,21.268024682998657,75,77.62666666666667
836,21.28365468978882,75,78.03666666666666
837,21.31489586830139,75,77.41
838,21.33051872253418,75,77.40333333333334
839,21.36176323890686,75,77.26666666666667
840,21.377392292022705,75,77.86666666666666
841,21.417104959487915,75,77.97666666666667
842,21.430062532424927,75,77.95666666666666
843,21.461366176605225,75,77.07
844,21.481438398361206,75,78.29
845,21.512733697891235,75,77.64333333333333
846,21.528353929519653,75,77.52666666666667
847,21.55960726737976,75,77.46
848,21.57522177696228,75,77.46333333333334
849,21.606468200683594,75,77.36333333333333
850,21.637718677520752,75,77.60666666666667
851,21.662282943725586,75,77.26
852,21.68021273612976,75,77.49
853,21.711459636688232,75,77.74333333333334
854,21.727067947387695,75,77.57333333333334
855,21.75831389427185,75,77.50333333333333
856,21.773940324783325,75,77.12
857,21.805193185806274,75,77.35333333333334
858,21.820813179016113,75,77.71
859,21.85205841064453,75,77.14333333333333
860,21.8676815032959,75,77.98333333333333
861,21.89888048171997,75,77.51666666666667
862,21.930127143859863,75,77.56
863,21.945751905441284,75,77.81
864,21.976997137069702,75,77.83
865,21.99677801132202,75,77.16333333333333
866,22.028026342391968,75,77.08666666666667
867,22.043649435043335,75,77.36666666666666
868,22.074899911880493,75,76.72333333333333
869,22.09056329727173,75,77.05
870,22.121811389923096,75,77.15666666666667
871,22.153056859970093,75,77.84
872,22.16867995262146,75,77.81333333333333
873,22.199934005737305,75,78.17
874,22.21554970741272,75,78.1
875,22.24679660797119,75,77.29
876,22.26242685317993,75,77.73666666666666
877,22.293678045272827,75,77.14
878,22.324913263320923,75,77.59333333333333
879,22.340537071228027,75,77.24
880,22.37178611755371,75,78.07
881,22.387406826019287,75,77.48666666666666
882,22.418609380722046,75,77.73
883,22.44985604286194,75,77.78666666666666
884,22.465479373931885,75,77.38333333333334
885,22.500855445861816,75,77.25
886,22.51710867881775,75,77.21666666666667
887,22.54835534095764,75,77.72666666666667
888,22.563982486724854,75,77.49333333333334
889,22.595269918441772,75,77.87333333333333
890,22.610896348953247,75,77.73
891,22.642149686813354,75,77.63666666666667
892,22.673394680023193,75,78.46666666666667
893,22.689010620117188,75,78.16666666666667
894,22.72440266609192,75,77.75
895,22.746842861175537,75,77.52333333333333
896,22.7624728679657,75,77.36333333333333
897,22.793720245361328,75,77.55333333333333
898,22.82496428489685,75,77.18666666666667
899,22.840584993362427,75,77.44333333333333
900,22.871832609176636,75,77.56333333333333
901,22.887453079223633,75,77.62666666666667
902,22.918699264526367,75,77.12333333333333
903,22.934324502944946,75,77.72333333333333
904,22.96557593345642,75,77.17
905,22.99682068824768,75,77.63666666666667
906,23.016584873199463,75,77.44666666666667
907,23.03225040435791,75,76.99333333333334
908,23.063496351242065,75,77.49
909,23.094741821289062,75,77.46666666666667
910,23.110374450683594,75,77.49333333333334
911,23.14156723022461,75,77.03333333333333
912,23.157190322875977,75,77.99
913,23.18843698501587,75,77.94666666666667
914,23.21968364715576,75,77.67333333333333
915,23.235306978225708,75,77.60333333333334
916,23.26655340194702,75,77.05
917,23.297800064086914,75,77.21
918,23.313427209854126,75,77.05
919,23.344717979431152,75,77.38
920,23.360342741012573,75,77.58
921,23.391584634780884,75,77.22666666666667
922,23.42283844947815,75,77.04666666666667
923,23.438456296920776,75,77.29
924,23.469702005386353,75,77.56333333333333
925,23.48533010482788,75,77.94
926,23.520925760269165,75,77.6
927,23.53659176826477,75,78.07
928,23.56784152984619,75,77.46
929,23.583458185195923,75,77.08333333333333
930,23.61471176147461,75,76.84666666666666
931,23.645970106124878,75,77.56
932,23.661584854125977,75,77.45666666666666
933,23.6928231716156,75,77.29333333333334
934,23.70844554901123,75,77.72333333333333
935,23.739694833755493,75,77.98666666666666
936,23.755325317382812,75,77.84333333333333
937,23.78656506538391,75,77.80333333333333
938,23.80218744277954,75,77.21333333333334
939,23.833431720733643,75,77.01666666666667
940,23.864681482315063,75,77.71
941,23.88030457496643,75,77.28
942,23.91154932975769,75,77.27
943,23.927181005477905,75,77.03
944,23.958418607711792,75,77.31
945,23.97404384613037,75,77.25666666666666
946,24.009387493133545,75,77.55333333333333
947,24.025059938430786,75,77.40333333333334
948,24.056304216384888,75,77.14333333333333
949,24.071933031082153,75,77.45
950,24.103171348571777,75,77.38666666666667
951,24.134374856948853,75,77.40333333333334
952,24.14999794960022,75,77.74
953,24.181243896484375,75,77.36
954,24.19686770439148,75,77.71
955,24.228114366531372,75,77.12333333333333
956,24.259361028671265,75,77.10666666666667
957,24.27498435974121,75,77.36
958,24.30623483657837,75,76.56
959,24.337522268295288,75,77.14
960,24.35314440727234,75,77.21
961,24.384396076202393,75,77.50666666666666
962,24.400015830993652,75,77.61666666666666
963,24.43126153945923,75,78.01666666666667
964,24.46250867843628,75,77.44
965,24.47813868522644,75,77.71666666666667
966,24.513358116149902,75,77.96666666666667
967,24.52901339530945,75,77.66
968,24.560283660888672,75,77.27333333333333
969,24.575899124145508,75,77.51333333333334
970,24.607144355773926,75,77.36333333333333
971,24.638394117355347,75,77.02
972,24.654014825820923,75,77.21666666666667
973,24.685259580612183,75,77.52666666666667
974,24.70088219642639,75,77.69
975,24.73213481903076,75,78.09
976,24.763376235961914,75,77.13
977,24.77899932861328,75,77.63666666666667
978,24.810251235961914,75,77.61
979,24.8258695602417,75,77.22666666666667
980,24.857124090194702,75,77.21
981,24.888365983963013,75,78.01333333333334
982,24.90398597717285,75,77.08333333333333
983,24.935232639312744,75,77.69
984,24.96237349510193,75,77.57333333333334
985,24.97804570198059,75,77.97
986,25.009291172027588,75,77.4
987,25.028937578201294,75,77.15333333333334
988,25.060230255126953,75,77.16666666666667
989,25.075851917266846,75,77.11666666666666
990,25.107099056243896,75,76.72666666666667
991,25.138343572616577,75,77.49666666666667
992,25.153972625732422,74,77.38
993,25.18521547317505,74,77.41333333333333
994,25.20084047317505,74,77.61333333333333
995,25.232091665267944,73,77.92666666666666
996,25.24771809577942,73,78.16333333333333
997,25.278955459594727,73,78.08666666666667
998,25.310157537460327,73,77.85
999,25.325779676437378,73,77.36
1000,25.35708522796631,73,78.22333333333333
1001,25.372705698013306,73,78.85333333333334
1002,25.403941869735718,73,78.71
1003,25.419567108154297,73,79.12333333333333
1004,25.45081639289856,73,78.48333333333333
1005,25.48205876350403,73,79.05333333333333
1006,25.4976806640625,73,80.13666666666667
1007,25.53285813331604,73,79.97
1008,25.548486948013306,73,79.06
1009,25.57977271080017,73,79.96333333333334
1010,25.59540295600891,73,79.92666666666666
1011,25.626644134521484,73,80.69666666666667
1012,25.657890558242798,73,80.63
1013,25.673516750335693,73,81.45
1014,25.70476222038269,73,80.17333333333333
1015,25.736005544662476,73,80.13666666666667
1016,25.751633405685425,73,80.20666666666666
1017,25.782882690429688,73,80.30666666666667
1018,25.81412434577942,73,80.45333333333333
1019,25.829746961593628,73,81.73333333333333
1020,25.866153955459595,73,82.68666666666667
1021,25.882296562194824,73,81.82
1022,25.91359043121338,73,81.70666666666666
1023,25.92921280860901,73,82.32666666666667
1024,25.960463762283325,73,83.77333333333333
1025,25.99170684814453,73,84.39666666666666
1026,26.007333517074585,73,83.15
1027,26.038578033447266,73,84.41333333333333
1028,26.06982398033142,73,84.69666666666667
1029,26.085455656051636,73,84.18
1030,26.116700887680054,73,84.01666666666667
1031,26.147939205169678,73,83.12333333333333
1032,26.163572311401367,73,81.76666666666667
1033,26.19481873512268,73,81.37666666666667
1034,26.22606086730957,73,81.69666666666667
1035,26.241679191589355,73,82.8
1036,26.272929430007935,73,82.53333333333333
1037,26.304176568984985,73,82.59333333333333
1038,26.319798707962036,73,82.54666666666667
1039,26.351046562194824,73,82.09666666666666
1040,26.38228988647461,73,82.46666666666667
1041,26.40823531150818,73,81.18666666666667
1042,26.423868894577026,73,82.63
1043,26.455155611038208,73,81.7
1044,26.47078013420105,73,81.22666666666667
1045,26.502026081085205,73,81.14666666666666
1046,26.53327441215515,73,82.38333333333334
1047,26.552882432937622,73,81.9
1048,26.584178686141968,73,81.4
1049,26.59980010986328,73,80.73
1050,26.631053686141968,73,81.03666666666666
1051,26.662292003631592,73,81.03
1052,26.689003467559814,73,81.29
1053,26.704676151275635,73,80.61666666666666
1054,26.735923767089844,73,80.09666666666666
1055,26.767173767089844,73,80.34666666666666
1056,26.782792568206787,73,80.78333333333333
1057,26.81405210494995,73,80.80333333333333
1058,26.845287561416626,73,80.93666666666667
1059,26.860920190811157,73,81.02
1060,26.89215588569641,73,80.79666666666667
1061,26.92340660095215,73,81.59
1062,26.9546537399292,73,81.4
1063,26.970275163650513,73,81.26666666666667
1064,27.00152277946472,73,81.8
1065,27.03276562690735,73,80.80666666666667
1066,27.048391103744507,73,80.62
1067,27.082520723342896,73,80.93666666666667
1068,27.113763570785522,73,81.66666666666667
1069,27.12938690185547,73,81.78666666666666
1070,27.160637378692627,73,82.08
1071,27.19188141822815,73,82.19
1072,27.207507610321045,73,80.77
1073,27.238757848739624,73,80.91
1074,27.270001649856567,73,82.08333333333333
1075,27.301243782043457,73,82.34666666666666
1076,27.31686782836914,73,81.76666666666667
1077,27.348113775253296,73,82.02333333333333
1078,27.379361152648926,73,82.58666666666667
1079,27.39498996734619,73,83.02333333333333
1080,27.426229000091553,73,82.67
1081,27.457478284835815,73,82.46333333333334
1082,27.47309947013855,73,83.02666666666667
1083,27.50434923171997,73,82.65333333333334
1084,27.535606622695923,73,82.64666666666666
1085,27.55121636390686,73,81.97666666666667
1086,27.587303161621094,73,82.30666666666667
1087,27.60292959213257,73,82.62333333333333
1088,27.63417077064514,73,81.74666666666667
1089,27.665417194366455,73,81.24666666666667
1090,27.681038856506348,73,82.15333333333334
1091,27.712287664413452,73,81.86333333333333
1092,27.74353528022766,73,82.51
1093,27.757351636886597,73,82.70333333333333
1094,27.788650512695312,73,82.88
1095,27.819894075393677,73,82.95666666666666
1096,27.851144790649414,73,82.72333333333333
1097,27.86677861213684,73,83.02333333333333
1098,27.89801859855652,73,82.6
1099,27.929255485534668,72,82.46333333333334
1100,27.944879293441772,72,82.42
1101,27.976126194000244,72,82.27
1102,28.00192165374756,72,82.50666666666666
1103,28.032895803451538,72,82.41333333333333
1104,28.060320377349854,72,82.68666666666667
1105,28.080311059951782,72,82.64333333333333
1106,28.111607313156128,72,82.55666666666667
1107,28.14285969734192,72,81.80333333333333
1108,28.158472061157227,72,82.10666666666667
1109,28.189735651016235,72,82.59
1110,28.220972299575806,72,82.23333333333333
1111,28.2365882396698,72,82.64666666666666
1112,28.26783800125122,72,83.07666666666667
1113,28.29908299446106,72,83.18
1114,28.314708709716797,72,83.02666666666667
1115,28.34595799446106,72,83.28333333333333
1116,28.37720036506653,72,83.03
1117,28.39282512664795,72,83.05666666666667
1118,28.42408013343811,72,83.25
1119,28.45185422897339,72,83.31666666666666
1120,28.467529773712158,72,82.74
1121,28.498777389526367,72,82.06333333333333
1122,28.5300190448761,72,81.35666666666667
1123,28.54564595222473,72,81.11
1124,28.581156492233276,72,80.03666666666666
1125,28.596827507019043,72,79.15
1126,28.6280734539032,72,77.31
1127,28.64369535446167,72,76.88666666666667
1128,28.674954652786255,72,75.53666666666666
1129,28.7061870098114,72,75.17
1130,28.721811056137085,72,73.90666666666667
1131,28.753066301345825,72,74.59333333333333
1132,28.768684148788452,72,75.06333333333333
1133,28.799928665161133,72,74.79666666666667
1134,28.81555414199829,72,74.86666666666666
1135,28.846801280975342,72,74.53666666666666
1136,28.878060817718506,72,74.35
1137,28.893671989440918,72,74.46
1138,28.9249165058136,72,74.25
1139,28.940540075302124,72,74.28
1140,28.971787214279175,72,74.86
1141,28.987406730651855,72,74.28
1142,29.018654823303223,72,75.16333333333333
1143,29.049901247024536,72,74.52666666666667
1144,29.065523386001587,72,74.59
1145,29.085646867752075,72,75.24666666666667
1146,29.116942882537842,72,75.45
1147,29.14818263053894,72,74.89
1148,29.163816452026367,72,74.75333333333333
1149,29.195054531097412,72,75.28
1150,29.210678815841675,72,75.36
1151,29.241933822631836,72,74.58
1152,29.273172855377197,72,75.52666666666667
1153,29.288792371749878,72,74.87666666666667
1154,29.320042371749878,72,74.8
1155,29.335665702819824,72,74.49333333333334
1156,29.366909980773926,72,74.70333333333333
1157,29.382533073425293,72,74.38
1158,29.413785219192505,72,74.89666666666666
1159,29.4450261592865,72,74.55333333333333
1160,29.460651636123657,72,74.90333333333334
1161,29.491896152496338,72,75.23333333333333
1162,29.50752353668213,72,74.70666666666666
1163,29.53877353668213,72,75.28666666666666
1164,29.554388999938965,72,74.95
1165,29.589940547943115,72,74.69666666666667
1166,29.605610370635986,72,74.97666666666667
1167,29.636863470077515,72,74.97666666666667
1168,29.668102979660034,72,75.04666666666667
1169,29.683725833892822,72,75.47666666666667
1170,29.714972972869873,72,75.02333333333333
1171,29.73059630393982,72,74.49666666666667
1172,29.761842727661133,72,74.40666666666667
1173,29.79309368133545,72,74.3
1174,29.80872130393982,72,74.16333333333333
1175,29.83995795249939,72,74.59
1176,29.855581760406494,72,74.1
1177,29.886829376220703,72,74.85666666666667
1178,29.918080806732178,72,74.81
1179,29.933701992034912,72,74.82333333333334
1180,29.964953184127808,72,74.81333333333333
1181,29.980571031570435,72,74.64666666666666
1182,30.01182198524475,72,74.61
1183,30.027438640594482,72,74.90666666666667
1184,30.058687925338745,72,75.01333333333334
1185,30.09320592880249,72,74.56
1186,30.109184741973877,72,74.74666666666667
1187,30.140470504760742,72,74.34333333333333
1188,30.156099557876587,72,74.59333333333333
1189,30.187342166900635,72,75.0
1190,30.218594074249268,72,75.22333333333333
1191,30.23421049118042,72,74.44333333333333
1192,30.265455961227417,72,74.67666666666666
1193,30.281084299087524,72,74.14333333333333
1194,30.312336444854736,72,74.79333333333334
1195,30.34357476234436,72,75.24
1196,30.359195947647095,72,74.63
1197,30.3904447555542,72,75.05666666666667
1198,30.421690225601196,72,74.87666666666667
1199,30.437313318252563,72,74.73666666666666
1200,30.46856427192688,72,75.28333333333333
1201,30.484182596206665,72,75.84666666666666
1202,30.51543378829956,72,75.55
1203,30.546679496765137,72,74.84
1204,30.562300205230713,72,74.16666666666667
1205,30.597529888153076,72,74.55666666666667
1206,30.613159894943237,72,74.56666666666666
1207,30.64445424079895,72,74.65666666666667
1208,30.672065496444702,72,74.75666666666666
1209,30.687735557556152,72,75.02666666666667
1210,30.71898317337036,72,74.55333333333333
1211,30.75023078918457,72,74.52
1212,30.765854358673096,72,74.81666666666666
1213,30.79710078239441,72,74.58333333333333
1214,30.828346252441406,72,74.81666666666666
1215,30.84397792816162,72,74.74666666666667
1216,30.875216007232666,72,74.67
1217,30.9064621925354,72,74.74333333333334
1218,30.92208981513977,72,74.32666666666667
1219,30.953343629837036,72,75.34666666666666
1220,30.96896457672119,72,74.65666666666667
1221,31.000202894210815,72,74.56333333333333
1222,31.03145694732666,72,74.35
1223,31.047072649002075,72,75.15333333333334
1224,31.07831907272339,72,74.75333333333333
1225,31.09775447845459,72,75.02666666666667
1226,31.12905240058899,72,74.33
1227,31.160304307937622,72,74.62666666666667
1228,31.175915956497192,72,74.64333333333333
1229,31.207165718078613,72,74.70666666666666
1230,31.238067150115967,72,74.88333333333334
1231,31.253778219223022,72,74.44
1232,31.285012245178223,72,74.64
1233,31.311095237731934,72,75.16
1234,31.326921463012695,72,75.26
1235,31.362107515335083,72,74.52333333333333
1236,31.3777859210968,72,75.22
1237,31.41903066635132,72,74.57666666666667
1238,31.445117473602295,72,74.83666666666667
1239,31.46179485321045,72,74.24666666666667
1240,31.493045568466187,72,74.71666666666667
1241,31.508662462234497,72,75.20666666666666
1242,31.539910554885864,72,74.82
1243,31.57115650177002,72,74.51
1244,31.586787223815918,72,74.57
1245,31.622162103652954,72,74.43333333333334
1246,31.637784242630005,72,73.99666666666667
1247,31.669023513793945,72,74.94
1248,31.700268268585205,72,74.77
1249,31.71120524406433,72,74.58
1250,31.742501258850098,72,74.80333333333333
1251,31.77374768257141,72,74.61333333333333
1252,31.789368629455566,72,75.02
1253,31.82061791419983,72,74.63666666666667
1254,31.83624029159546,72,74.47666666666667
1255,31.868090867996216,72,74.70333333333333
1256,31.899355173110962,72,74.62
1257,31.91496443748474,72,74.19333333333333
1258,31.94621968269348,72,75.01
1259,31.961833000183105,72,74.6
1260,31.993086099624634,72,74.3
1261,32.02432322502136,72,74.6
1262,32.039958000183105,72,74.29666666666667
1263,32.071194887161255,72,74.20333333333333
1264,32.08682823181152,72,74.14
1265,32.12095308303833,72,74.71
1266,32.1521954536438,72,74.4
1267,32.16781830787659,72,74.51333333333334
1268,32.19906187057495,72,74.45
1269,32.21468734741211,72,75.13
1270,32.24593234062195,72,74.32333333333334
1271,32.27717852592468,72,74.21
1272,32.29280495643616,72,74.34666666666666
1273,32.324058532714844,72,74.60666666666667
1274,32.33968257904053,72,74.77666666666667
1275,32.37092065811157,72,74.53666666666666
1276,32.40217304229736,72,74.54
1277,32.41779971122742,72,74.2
1278,32.44904017448425,72,75.1
1279,32.46466040611267,72,75.05333333333333
1280,32.495911598205566,72,74.44333333333333
1281,32.527153730392456,72,74.26
1282,32.54277992248535,72,74.38
1283,32.574031591415405,72,74.8
1284,32.589653730392456,72,74.30666666666667
1285,32.62474036216736,72,75.34
1286,32.64036250114441,72,75.07
1287,32.671618700027466,72,74.95666666666666
1288,32.702860593795776,72,74.40666666666667
1289,32.71848702430725,72,74.23333333333333
1290,32.749725103378296,72,74.38666666666667
1291,32.77554488182068,72,74.53
1292,32.80684232711792,72,73.97666666666667
1293,32.82246708869934,72,74.7
1294,32.85371232032776,72,74.40666666666667
1295,32.86933517456055,72,74.36333333333333
1296,32.90058159828186,72,74.65
1297,32.93183398246765,72,74.92666666666666
1298,32.94745111465454,72,74.51666666666667
1299,32.978705644607544,72,74.50333333333333
1300,33.00994372367859,72,74.65
1301,33.02557039260864,72,74.88666666666667
1302,33.05682635307312,72,74.54
1303,33.08806490898132,72,75.19666666666667
1304,33.10368371009827,72,74.31666666666666
1305,33.139127016067505,72,74.24
1306,33.154794454574585,72,74.82333333333334
1307,33.186036348342896,72,74.89
1308,33.21728324890137,72,74.94
1309,33.23291373252869,72,74.58333333333333
1310,33.26415467262268,72,75.19333333333333
1311,33.29540491104126,72,75.17
1312,33.311022996902466,72,74.96333333333334
1313,33.34227752685547,72,75.33333333333333
1314,33.35789489746094,72,74.97333333333333
1315,33.38914895057678,72,75.0
1316,33.420342683792114,72,75.02666666666667
1317,33.4359667301178,72,75.49333333333334
1318,33.467212438583374,72,74.55333333333333
1319,33.48283648490906,72,74.70333333333333
1320,33.51408290863037,72,74.84
1321,33.545329332351685,72,75.15333333333334
1322,33.56095314025879,72,75.23666666666666
1323,33.592199087142944,72,74.64666666666666
1324,33.60782313346863,72,74.75666666666666
1325,33.64322066307068,72,74.6
1326,33.65884470939636,72,74.74666666666667
1327,33.69009065628052,72,74.59666666666666
1328,33.70571446418762,72,74.93666666666667
1329,33.736960887908936,72,74.93
1330,33.75258469581604,72,74.57
1331,33.783830881118774,72,75.08666666666667
1332,33.81507754325867,72,75.17333333333333
1333,33.83070111274719,72,75.53666666666666
1334,33.86194729804993,72,75.85333333333334
1335,33.87757110595703,72,75.41333333333333
1336,33.908817529678345,72,75.12
1337,33.94006395339966,72,74.97666666666667
1338,33.955687522888184,72,75.31
1339,33.9869339466095,72,74.90333333333334
1340,34.0025577545166,72,74.66
1341,34.033804178237915,72,74.66666666666667
1342,34.06505036354065,72,75.15666666666667
1343,34.080674171447754,72,74.74
1344,34.1076123714447,72,74.38333333333334
1345,34.13890552520752,72,74.48
1346,34.15855407714844,72,74.29666666666667
1347,34.18979573249817,72,74.24
1348,34.20543599128723,72,74.16333333333333
1349,34.23666548728943,72,74.56333333333333
1350,34.252288818359375,72,74.76333333333334
1351,34.28353810310364,72,74.37
1352,34.314783334732056,72,74.98666666666666
1353,34.33040428161621,72,74.65333333333334
1354,34.36165237426758,72,74.15666666666667
1355,34.3772759437561,72,74.69666666666667
1356,34.408531188964844,72,74.29333333333334
1357,34.43977880477905,72,74.68333333333334
1358,34.45539164543152,72,74.65333333333334
1359,34.48663902282715,72,75.19333333333333
1360,34.51788306236267,72,75.56666666666666
1361,34.53351092338562,72,75.13333333333334
1362,34.56475591659546,72,74.46
1363,34.5960111618042,72,74.83666666666667
1364,34.611626625061035,72,74.51666666666667
1365,34.64726281166077,72,74.67
1366,34.66293120384216,72,74.91333333333333
1367,34.69419002532959,72,74.20666666666666
1368,34.725428342819214,72,74.37
1369,34.74104857444763,72,74.23666666666666
1370,34.77230429649353,72,75.42
1371,34.80354332923889,72,74.90333333333334
1372,34.8191659450531,72,74.64666666666666
1373,34.85041332244873,72,74.39666666666666
1374,34.88165807723999,72,74.36333333333333
1375,34.89728260040283,72,74.16666666666667
1376,34.92852997779846,72,75.04333333333334
1377,34.959776878356934,72,74.99333333333334
1378,34.97540068626404,72,74.87
1379,35.00664687156677,72,74.48666666666666
1380,35.03789567947388,72,74.76
1381,35.05351495742798,72,74.81333333333333
1382,35.0847806930542,72,74.81333333333333
1383,35.10038423538208,72,74.67
1384,35.13164496421814,72,74.52
1385,35.166675329208374,72,74.15333333333334
1386,35.182300090789795,72,75.10666666666667
1387,35.21354842185974,72,75.29666666666667
1388,35.229169845581055,72,75.09
1389,35.26042556762695,72,75.31
1390,35.291664600372314,72,75.63333333333334
1391,35.307284355163574,72,75.29666666666667
1392,35.33853077888489,72,75.04
1393,35.36979627609253,72,74.77333333333333
1394,35.38540506362915,72,74.29
1395,35.416648149490356,72,75.2
1396,35.44789433479309,72,74.33
1397,35.46351933479309,72,74.38
1398,35.49476671218872,72,73.84666666666666
1399,35.52601861953735,72,74.32666666666667
1400,35.54164505004883,72,74.92
1401,35.5728805065155,72,74.38666666666667
1402,35.60412859916687,72,74.67666666666666
1403,35.61976146697998,72,74.65333333333334
1404,35.655298471450806,72,74.79666666666667
1405,35.67096829414368,72,74.57333333333334
1406,35.702213764190674,72,74.38666666666667
1407,35.73346304893494,72,74.82666666666667
1408,35.74909210205078,72,74.47666666666667
1409,35.78033399581909,72,75.57
1410,35.79595327377319,72,74.59333333333333
1411,35.82720327377319,72,75.16333333333333
1412,35.85844612121582,72,75.03333333333333
1413,35.87407064437866,72,74.79666666666667
1414,35.90531826019287,72,74.48333333333333
1415,35.93656802177429,72,74.75666666666666
1416,35.952186584472656,72,74.45666666666666
1417,35.983434200286865,72,74.49333333333334
1418,36.014681577682495,72,74.85333333333334
1419,36.03030443191528,72,74.76666666666667
1420,36.06154942512512,72,75.28
1421,36.077173471450806,72,74.80666666666667
1422,36.10842227935791,72,74.58333333333333
1423,36.13966631889343,72,74.40333333333334
1424,36.159512996673584,72,74.17333333333333
1425,36.19081425666809,72,74.42
1426,36.21736741065979,72,74.41333333333333
1427,36.23304796218872,72,74.23333333333333
1428,36.26428484916687,72,74.51666666666667
1429,36.29553556442261,72,74.65333333333334
1430,36.3111617565155,72,74.91
1431,36.34240674972534,72,74.60666666666667
1432,36.35802721977234,72,74.36666666666666
1433,36.38927364349365,72,75.37666666666667
1434,36.42051863670349,72,75.1
1435,36.436145305633545,72,75.17
1436,36.467387437820435,72,74.59
1437,36.49863886833191,72,74.06666666666666
1438,36.51425909996033,72,73.87666666666667
1439,36.545506954193115,72,74.31333333333333
1440,36.56112813949585,72,74.58333333333333
1441,36.59238386154175,72,74.86
1442,36.623621225357056,72,74.53666666666666
1443,36.63924431800842,72,74.55666666666667
1444,36.675129652023315,72,75.32333333333334
1445,36.690757751464844,72,74.9
1446,36.72204566001892,72,75.22
1447,36.748708963394165,72,74.91666666666667
1448,36.764384746551514,72,75.07666666666667
1449,36.79562830924988,72,74.79333333333334
1450,36.8268780708313,72,75.11333333333333
1451,36.8425018787384,72,75.45333333333333
1452,36.873751640319824,72,74.62
1453,36.9049928188324,72,75.07
1454,36.920629262924194,72,74.96
1455,36.9518666267395,72,75.24333333333334
1456,36.98311495780945,72,75.12
1457,36.99873685836792,72,74.97
1458,37.02998328208923,72,75.05
1459,37.0612359046936,72,74.62666666666667
1460,37.07684898376465,72,74.69333333333333
1461,37.108097076416016,72,74.69333333333333
1462,37.139347076416016,72,74.15666666666667
1463,37.15496587753296,72,75.05333333333333
1464,37.19050097465515,72,74.65666666666667
1465,37.20611763000488,72,74.79333333333334
1466,37.23736596107483,72,74.56333333333333
1467,37.26862025260925,72,74.08666666666667
1468,37.28424549102783,72,74.83666666666667
1469,37.31548571586609,72,75.17666666666666
1470,37.3467321395874,72,75.28666666666666
1471,37.36235165596008,72,74.6
1472,37.393600940704346,72,74.9
1473,37.42484521865845,72,74.69666666666667
1474,37.44047212600708,72,74.64
1475,37.471717834472656,72,74.92333333333333
1476,37.5029616355896,72,75.17
1477,37.518584966659546,72,75.55666666666667
1478,37.54983401298523,72,75.01333333333334
1479,37.581077337265015,72,74.66
1480,37.59670424461365,72,74.71
1481,37.62794899940491,72,75.16
1482,37.659193992614746,72,75.00666666666666
1483,37.6788387298584,72,74.71333333333334
1484,37.710129261016846,72,74.97666666666667
1485,37.72575640678406,72,74.84333333333333
1486,37.7570013999939,72,74.59666666666666
1487,37.78899097442627,72,74.34666666666666
1488,37.814836740493774,72,74.36666666666666
1489,37.830486536026,72,75.07333333333334
1490,37.86170768737793,72,74.94
1491,37.877328395843506,72,74.33333333333333
1492,37.90857768058777,72,73.72
1493,37.93982934951782,72,74.83333333333333
1494,37.95544910430908,72,74.44666666666667
1495,37.98669195175171,72,74.84666666666666
1496,38.01794743537903,72,74.81666666666666
1497,38.03356456756592,72,74.50666666666666
1498,38.06481051445007,72,74.99666666666667
1499,38.09605431556702,72,74.44333333333333
1500,38.111687660217285,72,74.98
1501,38.14292311668396,72,74.73666666666666
1502,38.17417359352112,72,75.26666666666667
1503,38.19298577308655,72,75.18
1504,38.224287271499634,72,75.21333333333334
1505,38.23990201950073,72,74.37666666666667
1506,38.27114820480347,72,73.92
1507,38.286771297454834,72,74.71666666666667
1508,38.31802821159363,72,74.32666666666667
1509,38.349265575408936,72,74.81333333333333
1510,38.364893198013306,72,74.92333333333333
1511,38.39613437652588,72,74.23
1512,38.42738914489746,72,74.74666666666667
1513,38.44301700592041,72,74.69
1514,38.47425174713135,72,74.64666666666666
1515,38.48988080024719,72,74.74666666666667
1516,38.5211226940155,72,74.72
1517,38.552367210388184,72,74.5
1518,38.56799006462097,72,74.72
1519,38.59924793243408,72,74.6
1520,38.63048338890076,72,74.96333333333334
1521,38.64611601829529,72,75.23
1522,38.677361249923706,72,75.64333333333333
1523,38.69614124298096,72,75.00333333333333
1524,38.72743225097656,72,74.72333333333333
1525,38.758687257766724,72,74.66666666666667
1526,38.77431392669678,72,75.25
1527,38.80554986000061,72,74.53333333333333
1528,38.83680486679077,72,74.72
1529,38.85242009162903,72,75.11
1530,38.88368272781372,72,74.73333333333333
1531,38.91491508483887,72,74.38
1532,38.930535316467285,72,74.74
1533,38.961792945861816,72,74.93666666666667
1534,38.97741436958313,72,74.56666666666666
1535,39.00866508483887,72,74.90333333333334
1536,39.03991079330444,72,75.70666666666666
1537,39.05552649497986,72,74.85
1538,39.08676862716675,72,74.68333333333334
1539,39.11803388595581,72,75.19666666666667
1540,39.13364291191101,72,75.12333333333333
1541,39.16488552093506,72,74.54
1542,39.19613194465637,72,74.44
1543,39.214370250701904,72,74.55666666666667
1544,39.24574065208435,72,74.46666666666667
1545,39.26135039329529,72,73.99666666666667
1546,39.29259276390076,72,74.17
1547,39.323838233947754,72,74.79333333333334
1548,39.33946633338928,72,74.79
1549,39.3707160949707,72,74.29666666666667
1550,39.386332988739014,72,74.64666666666666
1551,39.41758108139038,72,74.49
1552,39.44883394241333,72,74.16333333333333
1553,39.46445059776306,72,74.39
1554,39.49569749832153,72,74.02
1555,39.51132774353027,72,74.40333333333334
1556,39.54257011413574,72,74.61333333333333
1557,39.573819398880005,72,74.20333333333333
1558,39.58943581581116,72,74.87666666666667
1559,39.620683908462524,72,74.94
1560,39.636316776275635,72,75.11666666666666
1561,39.6675546169281,72,74.79
1562,39.69880723953247,72,75.26333333333334
1563,39.71836829185486,72,74.21666666666667
1564,39.74962615966797,72,74.37333333333333
1565,39.765241622924805,72,74.65666666666667
1566,39.79648447036743,72,74.71666666666667
1567,39.812108755111694,72,74.79333333333334
1568,39.84335517883301,72,74.79333333333334
1569,39.858978033065796,72,74.71
1570,39.89024615287781,72,74.57
1571,39.9214723110199,72,74.51
1572,39.93710160255432,72,74.97333333333333
1573,39.96834135055542,72,74.43
1574,39.98396968841553,72,74.61333333333333
1575,40.01521706581116,72,74.82
1576,40.04239320755005,72,75.07333333333334
1577,40.05806636810303,72,75.43
1578,40.089319705963135,72,75.24666666666667
1579,40.12056040763855,72,74.39333333333333
1580,40.13619112968445,72,74.95333333333333
1581,40.16743183135986,72,74.58666666666667
1582,40.183056354522705,72,74.22666666666667
1583,40.21835970878601,72,74.39333333333333
1584,40.23403263092041,72,74.72666666666667
1585,40.26527404785156,72,74.94666666666667
1586,40.28089952468872,72,75.0
1587,40.312145471572876,72,75.12333333333333
1588,40.343393087387085,72,75.01333333333334
1589,40.35901594161987,72,75.05333333333333
1590,40.390262842178345,72,74.84
1591,40.40588450431824,72,74.50333333333333
1592,40.437132835388184,72,74.66666666666667
1593,40.46837759017944,72,74.77333333333333
1594,40.48400378227234,72,74.72666666666667
1595,40.51525068283081,72,74.79666666666667
1596,40.530872106552124,72,75.01333333333334
1597,40.56211757659912,72,74.84333333333333
1598,40.57775282859802,72,75.16
1599,40.60899090766907,72,75.01333333333334
1600,40.640235900878906,72,74.71666666666667
1601,40.65586042404175,72,74.39333333333333
1602,40.68710398674011,72,73.93
1603,40.7027313709259,72,74.52666666666667
1604,40.73796534538269,72,74.87333333333333
1605,40.75358581542969,72,74.85333333333334
1606,40.784833669662476,72,74.91
1607,40.80045557022095,72,75.41333333333333
1608,40.83170557022095,72,74.73666666666666
1609,40.86295247077942,72,74.5
1610,40.87857222557068,72,73.88666666666667
1611,40.90983057022095,72,74.50333333333333
1612,40.92544174194336,72,73.9
1613,40.9566912651062,72,74.12
1614,40.98793935775757,72,74.66333333333333
1615,41.00356101989746,72,74.97
1616,41.034807443618774,72,74.83666666666667
1617,41.05044412612915,72,74.67
1618,41.08167791366577,72,74.99666666666667
1619,41.11292266845703,72,74.70666666666666
1620,41.128549337387085,72,74.66
1621,41.15980339050293,72,74.49666666666667
1622,41.175415992736816,72,75.38666666666667
1623,41.20666193962097,72,74.78333333333333
1624,41.22637224197388,72,74.45
1625,41.257676124572754,72,74.67333333333333
1626,41.27329778671265,72,74.72333333333333
1627,41.304539918899536,72,74.28333333333333
1628,41.335784912109375,72,74.61666666666666
1629,41.351407051086426,72,74.44666666666667
1630,41.38265514373779,72,74.65
1631,41.39828157424927,72,74.92333333333333
1632,41.438472747802734,72,75.03666666666666
1633,41.46252655982971,72,74.44333333333333
1634,41.482470750808716,72,74.45
1635,41.49809432029724,72,75.07
1636,41.5293345451355,72,74.64333333333333
1637,41.56058168411255,72,74.15333333333334
1638,41.5762140750885,72,74.42333333333333
1639,41.60745048522949,72,74.62666666666667
1640,41.62308120727539,72,74.72333333333333
1641,41.65432024002075,72,75.12666666666667
1642,41.669944286346436,72,74.31666666666666
1643,41.70119071006775,72,74.49
1644,41.73243951797485,72,74.46333333333334
1645,41.75644588470459,72,74.56666666666666
1646,41.77900958061218,72,74.58
1647,41.794625759124756,72,75.17666666666666
1648,41.825875759124756,72,74.51666666666667
1649,41.84149885177612,72,75.28333333333333
1650,41.87274169921875,72,74.87666666666667
1651,41.903987407684326,72,74.68
1652,41.91962122917175,72,74.51333333333334
1653,41.95085620880127,72,74.48
1654,41.96648049354553,72,74.73
1655,41.99773573875427,72,74.44333333333333
1656,42.013349771499634,72,74.93333333333334
1657,42.044596672058105,72,74.98
1658,42.075846910476685,72,74.84
1659,42.091469049453735,72,74.68333333333334
1660,42.122713804244995,72,74.80333333333333
1661,42.13833785057068,72,74.54
1662,42.16958546638489,72,73.93333333333334
1663,42.18521022796631,72,74.61
1664,42.216453552246094,72,74.68
1665,42.24303197860718,72,74.64333333333333
1666,42.262629985809326,72,75.26666666666667
1667,42.29392170906067,72,74.79
1668,42.30954694747925,72,74.29666666666667
1669,42.34079837799072,72,74.27333333333333
1670,42.35641884803772,72,74.89333333333333
1671,42.38766813278198,72,75.11333333333333
1672,42.418917417526245,72,75.23333333333333
1673,42.434534788131714,72,74.49666666666667
1674,42.46578049659729,72,74.97333333333333
1675,42.481401443481445,72,74.33666666666667
1676,42.512656688690186,72,74.61
1677,42.528281450271606,72,74.70666666666666
1678,42.55951714515686,72,74.35
1679,42.59076642990112,72,74.71
1680,42.606391191482544,72,74.72333333333333
1681,42.6376428604126,72,74.77
1682,42.653260707855225,72,74.24666666666667
1683,42.68450450897217,72,73.97666666666667
1684,42.7001268863678,72,74.62
1685,42.73137402534485,72,74.39333333333333
1686,42.76262354850769,72,75.04
1687,42.78236484527588,72,75.05666666666667
1688,42.79798436164856,72,75.00333333333333
1689,42.824182748794556,72,74.71333333333334
1690,42.85547590255737,72,74.37333333333333
1691,42.886730670928955,72,74.40666666666667
1692,42.90235161781311,72,74.4
1693,42.933594942092896,72,74.66666666666667
1694,42.949217081069946,72,74.59666666666666
1695,42.98046541213989,72,75.40333333333334
1696,42.99609017372131,72,74.38666666666667
1697,43.02733778953552,72,74.60666666666667
1698,43.05858778953552,72,74.35333333333334
1699,43.074203968048096,72,74.51666666666667
1700,43.10545587539673,72,74.32
1701,43.1210732460022,72,74.94333333333333
1702,43.15231895446777,72,75.34666666666666
1703,43.18356990814209,72,75.18
1704,43.19918966293335,72,75.30666666666667
1705,43.23043608665466,72,74.75333333333333
1706,43.24606990814209,72,73.95
1707,43.2813286781311,72,74.23
1708,43.29701781272888,72,75.79666666666667
1709,43.32824444770813,72,75.61666666666666
1710,43.3438766002655,72,75.01333333333334
1711,43.37513184547424,72,74.70333333333333
1712,43.39073896408081,72,74.89666666666666
1713,43.42199206352234,72,74.18666666666667
1714,43.449891805648804,72,74.12
1715,43.46556615829468,72,74.82
1716,43.496811389923096,72,74.97666666666667
1717,43.52805781364441,72,74.51666666666667
1718,43.54368495941162,72,74.14333333333333
1719,43.57492756843567,72,74.74666666666667
1720,43.590556383132935,72,73.80666666666667
1721,43.62180757522583,72,74.68666666666667
1722,43.63742923736572,72,74.63333333333334
1723,43.668678760528564,72,74.61333333333333
1724,43.68430185317993,72,74.70666666666666
1725,43.71554231643677,72,74.77
1726,43.731162786483765,72,74.04333333333334
1727,43.762407064437866,72,74.5
1728,43.78210997581482,72,74.91333333333333
1729,43.813401222229004,72,74.89666666666666
1730,43.829031467437744,72,75.29333333333334
1731,43.86027216911316,72,74.36333333333333
1732,43.891517162323,72,74.75
1733,43.90715456008911,72,74.78333333333333
1734,43.93840003013611,72,74.78
1735,43.95401072502136,72,74.05333333333333
1736,43.98526954650879,72,74.47666666666667
1737,44.00089073181152,72,74.43333333333334
1738,44.032129526138306,72,74.71333333333334
1739,44.06337523460388,72,74.73666666666666
1740,44.07899785041809,72,75.04333333333334
1741,44.11024355888367,72,74.4
1742,44.12586951255798,72,74.67
1743,44.1571159362793,72,74.21666666666667
1744,44.172741413116455,72,74.55
1745,44.20399570465088,72,74.40333333333334
1746,44.2352352142334,72,74.34
1747,44.250864028930664,72,74.75333333333333
1748,44.286173582077026,72,74.37666666666667
1749,44.30184888839722,72,74.51
1750,44.33308744430542,72,74.53333333333333
1751,44.348716020584106,72,74.79666666666667
1752,44.379968881607056,72,75.29333333333334
1753,44.39558386802673,72,74.30666666666667
1754,44.42683243751526,72,74.67
1755,44.458075761795044,72,74.85
1756,44.473697662353516,72,75.58333333333333
1757,44.504961252212524,72,74.69333333333333
1758,44.52057123184204,72,74.76333333333334
1759,44.551815032958984,72,74.53333333333333
1760,44.583062410354614,72,74.91666666666667
1761,44.59869074821472,72,75.22666666666667
1762,44.62994909286499,72,74.88666666666667
1763,44.645556926727295,72,74.86333333333333
1764,44.676817178726196,72,74.43333333333334
1765,44.6924352645874,72,74.89
1766,44.723673582077026,72,74.88
1767,44.7549192905426,72,74.88666666666667
1768,44.770541191101074,72,74.82333333333334
1769,44.80565571784973,72,75.11666666666666
1770,44.821284532547,72,74.82333333333334
1771,44.85252523422241,72,74.72333333333333
1772,44.86814641952515,72,74.19666666666667
1773,44.89940142631531,72,74.25
1774,44.93064880371094,72,74.79
1775,44.94626331329346,72,74.85333333333334
1776,44.97750806808472,72,74.69666666666667
1777,44.993136167526245,72,74.63
1778,45.02438759803772,72,74.61
1779,45.055628061294556,72,74.68666666666667
1780,45.071250915527344,72,75.25333333333333
1781,45.10250520706177,72,75.13333333333334
1782,45.11812424659729,72,74.37666666666667
1783,45.149375438690186,72,74.46
1784,45.180614948272705,72,74.08
1785,45.19623565673828,72,74.19666666666667
1786,45.22748112678528,72,74.87
1787,45.243104457855225,72,74.39666666666666
1788,45.274359941482544,72,74.11
1789,45.29384136199951,72,74.55
1790,45.32513213157654,72,74.90666666666667
1791,45.35637855529785,72,74.95
1792,45.37200474739075,72,74.62666666666667
1793,45.40325570106506,72,74.78666666666666
1794,45.41887378692627,72,74.37
1795,45.450119972229004,72,74.48
1796,45.48136639595032,72,74.08666666666667
1797,45.49699115753174,72,74.39333333333333
1798,45.52823615074158,72,74.21
1799,45.55948281288147,72,74.15333333333334
1800,45.57510685920715,72,74.27666666666667
1801,45.60635209083557,72,74.46666666666667
1802,45.621992111206055,72,74.60333333333334
1803,45.65322256088257,72,74.68
1804,45.684470653533936,72,75.06
1805,45.70009422302246,72,74.73333333333333
1806,45.73134684562683,72,75.31666666666666
1807,45.74697399139404,72,75.05
1808,45.77821445465088,72,74.91666666666667
1809,45.81000542640686,72,74.63333333333334
1810,45.82567811012268,72,74.85666666666667
1811,45.856924057006836,72,75.26333333333334
1812,45.872549533843994,72,74.68333333333334
1813,45.90379452705383,72,74.96333333333334
1814,45.93505573272705,72,74.81
1815,45.95066499710083,72,75.08666666666667
1816,45.98190999031067,72,75.14666666666666
1817,45.99753546714783,72,74.33333333333333
1818,46.02878141403198,72,74.60333333333334
1819,46.06002950668335,72,75.24333333333334
1820,46.07564902305603,72,75.06333333333333
1821,46.106897592544556,72,75.15666666666667
1822,46.138160943984985,72,74.93666666666667
1823,46.15376853942871,72,75.20333333333333
1824,46.185019969940186,72,75.61333333333333
1825,46.200637340545654,72,75.24666666666667
1826,46.23189187049866,72,74.47333333333333
1827,46.26313829421997,72,74.88
1828,46.278754472732544,72,74.66666666666667
1829,46.31374263763428,72,74.31
1830,46.329413652420044,72,74.55
1831,46.36065888404846,72,74.52333333333333
1832,46.37628102302551,72,74.64666666666666
1833,46.40752172470093,72,74.87666666666667
1834,46.42314577102661,72,74.22333333333333
1835,46.45439863204956,72,75.04333333333334
1836,46.485639572143555,72,74.83
1837,46.50126099586487,72,74.67
1838,46.5325071811676,72,74.91333333333333
1839,46.548131227493286,72,74.35
1840,46.57938027381897,72,74.81333333333333
1841,46.610626220703125,72,74.57333333333334
1842,46.62625527381897,72,74.72
1843,46.65749454498291,72,74.61
1844,46.673117876052856,72,74.46
1845,46.70436501502991,72,74.05
1846,46.735610485076904,72,74.43
1847,46.75123953819275,72,74.41666666666667
1848,46.78554701805115,72,74.43
1849,46.80431270599365,72,75.44333333333333
1850,46.835615158081055,72,74.35333333333334
1851,46.85123157501221,72,74.34666666666666
1852,46.882482290267944,72,75.05333333333333
1853,46.8981032371521,72,74.99333333333334
1854,46.929346561431885,72,74.50333333333333
1855,46.96059703826904,72,75.03333333333333
1856,46.976218461990356,72,74.61666666666666
1857,47.00746750831604,72,74.87666666666667
1858,47.02308797836304,72,74.67666666666666
1859,47.054343461990356,72,75.04333333333334
1860,47.06996750831604,72,74.01333333333334
1861,47.10120511054993,72,74.57
1862,47.13245248794556,72,74.21666666666667
1863,47.14807844161987,72,75.27666666666667
1864,47.17932963371277,72,74.66666666666667
1865,47.19494366645813,72,74.81333333333333
1866,47.22619938850403,72,74.93666666666667
1867,47.241817474365234,72,74.14
1868,47.27306294441223,72,74.19
1869,47.30431079864502,72,74.59333333333333
1870,47.32380390167236,72,75.17
1871,47.35503554344177,72,74.92
1872,47.37065601348877,72,74.86666666666666
1873,47.40190601348877,72,74.90333333333334
1874,47.41752743721008,72,74.86333333333333
1875,47.448771715164185,72,74.42666666666666
1876,47.480019092559814,72,74.77
1877,47.495652198791504,72,74.92
1878,47.52689599990845,72,75.31
1879,47.54251503944397,72,74.78666666666666
1880,47.573758602142334,72,74.76333333333334
1881,47.58938479423523,72,74.53333333333333
1882,47.620633363723755,72,74.90333333333334
1883,47.651878356933594,72,74.49
1884,47.66749835014343,72,74.57666666666667
1885,47.69875144958496,72,74.93333333333334
1886,47.71436834335327,72,75.04333333333334
1887,47.74561643600464,72,74.51666666666667
1888,47.776862144470215,72,74.65
1889,47.79248595237732,72,74.66333333333333
1890,47.81214380264282,72,74.99666666666667
1891,47.83854365348816,72,74.77333333333333
1892,47.86983776092529,72,74.85
1893,47.90108299255371,72,74.66333333333333
1894,47.916709661483765,72,74.67
1895,47.94796323776245,72,74.74
1896,47.96357727050781,72,74.56666666666666
1897,47.994826555252075,72,74.64333333333333
1898,48.026076793670654,72,74.06
1899,48.04170536994934,72,74.02333333333333
1900,48.072948932647705,72,74.17
1901,48.088566064834595,72,74.45
1902,48.119810342788696,72,73.68666666666667
1903,48.1354341506958,72,74.38
1904,48.166691064834595,72,74.48
1905,48.19793725013733,72,75.26333333333334
1906,48.21355628967285,72,74.82
1907,48.244797229766846,72,74.86333333333333
1908,48.260424852371216,72,74.62
1909,48.29167866706848,72,74.77666666666667
1910,48.32291340827942,72,74.63666666666667
1911,48.34292960166931,72,74.71
1912,48.35855221748352,72,75.16666666666667
1913,48.38980054855347,72,75.0
1914,48.421056032180786,72,75.45
1915,48.436689138412476,72,74.72666666666667
1916,48.467917919158936,72,75.15333333333334
1917,48.483543157577515,72,74.75333333333333
1918,48.51478886604309,72,74.05666666666667
1919,48.54603290557861,72,74.62666666666667
1920,48.56166672706604,72,74.60666666666667
1921,48.59291434288025,72,75.2
1922,48.60852551460266,72,74.96
1923,48.6397762298584,72,75.01333333333334
1924,48.671029567718506,72,74.50666666666666
1925,48.686644077301025,72,74.69666666666667
1926,48.71789479255676,72,74.76333333333334
1927,48.7335250377655,72,74.64666666666666
1928,48.764760971069336,72,75.32666666666667
1929,48.79600644111633,72,74.93
1930,48.811630725860596,72,74.74666666666667
1931,48.83113646507263,72,74.91
1932,48.8624267578125,72,74.78333333333333
1933,48.89367461204529,72,74.32333333333334
1934,48.90929698944092,72,74.87
1935,48.940545320510864,72,73.93666666666667
1936,48.97180104255676,72,75.15
1937,48.98741912841797,72,75.13333333333334
1938,49.018662452697754,72,74.78
1939,49.03428363800049,72,74.57333333333334
1940,49.065534591674805,72,75.12
1941,49.09678411483765,72,74.53666666666666
1942,49.11240482330322,72,74.73333333333333
1943,49.14364981651306,72,74.50333333333333
1944,49.159273624420166,72,74.90666666666667
1945,49.19051909446716,72,74.60666666666667
1946,49.2061402797699,72,73.86333333333333
1947,49.23738741874695,72,74.29
1948,49.26863718032837,72,74.43333333333334
1949,49.28426694869995,72,74.76333333333334
1950,49.315507650375366,72,74.48
1951,49.33550262451172,72,74.67666666666666
1952,49.366796016693115,72,74.45666666666666
1953,49.38241624832153,72,74.68
1954,49.41366720199585,72,74.4
1955,49.444910287857056,72,74.48666666666666
1956,49.46053647994995,72,75.86
1957,49.4917893409729,72,75.06666666666666
1958,49.50740313529968,72,74.63666666666667
1959,49.53866100311279,72,74.57666666666667
1960,49.56990313529968,72,74.55666666666667
1961,49.585519552230835,72,74.69666666666667
1962,49.61677145957947,72,74.41666666666667
1963,49.63239097595215,72,74.39666666666666
1964,49.663642168045044,72,74.28333333333333
1965,49.69489502906799,72,74.8
1966,49.71051001548767,72,74.38333333333334
1967,49.74175667762756,72,73.90666666666667
1968,49.757380962371826,72,73.93333333333334
1969,49.78864121437073,72,74.24333333333334
1970,49.81987023353577,72,74.84333333333333
1971,49.83962440490723,72,74.8
1972,49.87092733383179,72,74.96333333333334
1973,49.88653922080994,72,75.07
1974,49.917787313461304,72,75.22
1975,49.94903564453125,72,74.12666666666667
1976,49.96466565132141,72,74.80333333333333
1977,49.99591135978699,72,75.09333333333333
1978,50.0115282535553,72,75.35333333333334
1979,50.04277181625366,72,75.05666666666667
1980,50.07402181625366,72,75.12333333333333
1981,50.08964228630066,72,75.07333333333334
1982,50.12089776992798,72,74.73333333333333
1983,50.13651514053345,72,75.0
1984,50.16775822639465,72,74.68
1985,50.19489002227783,72,74.59333333333333
1986,50.22618746757507,72,75.53
1987,50.24181795120239,72,74.74333333333334
1988,50.27305817604065,72,74.72
1989,50.28868079185486,72,75.48333333333333
1990,50.31993579864502,72,75.17666666666666
1991,50.33909225463867,72,74.82666666666667
1992,50.37038540840149,72,74.93333333333334
1993,50.401633977890015,72,73.85666666666667
1994,50.41725301742554,72,75.24
1995,50.448500871658325,72,75.14666666666666
1996,50.479748010635376,72,74.89666666666666
1997,50.49537014961243,72,74.07
1998,50.52661752700806,72,74.36
1999,50.542240858078,72,75.18666666666667
2000,50.573486328125,72,74.22333333333333
2001,50.604737758636475,72,74.28333333333333
2002,50.620359659194946,72,74.95333333333333
2003,50.651604890823364,72,74.96666666666667
2004,50.667235374450684,72,74.81
2005,50.6984748840332,72,74.89
2006,50.72973108291626,72,74.56
2007,50.745354652404785,72,74.75
2008,50.77658987045288,72,74.35666666666667
2009,50.79221868515015,72,74.5
2010,50.823464155197144,72,74.25666666666666
2011,50.84380292892456,72,74.45666666666666
2012,50.87509369850159,72,74.36
2013,50.89072012901306,72,74.43
2014,50.9219708442688,72,73.9
2015,50.953211069107056,72,74.02
2016,50.968833446502686,72,73.99666666666667
2017,51.00008010864258,72,74.78666666666666
2018,51.01571011543274,72,74.91666666666667
2019,51.046950340270996,72,74.30333333333333
2020,51.062583446502686,72,75.23
2021,51.093820333480835,72,74.89
2022,51.10944581031799,72,74.66666666666667
2023,51.1406946182251,72,74.85666666666667
2024,51.156323194503784,72,75.09
2025,51.18756294250488,72,75.08
2026,51.218807220458984,72,74.68333333333334
2027,51.23443007469177,72,74.51666666666667
2028,51.265679597854614,72,74.44
2029,51.28130102157593,72,75.00666666666666
2030,51.31254839897156,72,74.83
2031,51.343798875808716,72,75.13333333333334
2032,51.363605260849,72,75.00666666666666
2033,51.37924408912659,72,74.71666666666667
2034,51.41047692298889,72,75.53666666666666
2035,51.44172143936157,72,74.75666666666666
2036,51.457348585128784,72,74.32666666666667
2037,51.488590240478516,72,74.06
2038,51.50421476364136,72,74.43
2039,51.53545951843262,72,74.53666666666666
2040,51.566710472106934,72,74.44
2041,51.5823290348053,72,74.47333333333333
2042,51.61357665061951,72,74.62
2043,51.62919878959656,72,74.55
2044,51.66045022010803,72,74.44
2045,51.6760790348053,72,74.34
2046,51.7073233127594,72,74.90666666666667
2047,51.73856592178345,72,75.24333333333334
2048,51.75419235229492,72,74.59666666666666
2049,51.785433530807495,72,75.01666666666667
2050,51.8010618686676,72,74.89
2051,51.83867526054382,72,75.14333333333333
2052,51.853878021240234,72,74.76
2053,51.88517165184021,72,74.93
2054,51.90080165863037,72,74.66666666666667
2055,51.93204402923584,72,74.36
2056,51.96328783035278,72,74.57
2057,51.978912353515625,72,75.44333333333333
2058,52.01015782356262,72,74.90333333333334
2059,52.02578902244568,72,74.85666666666667
2060,52.057029485702515,72,74.09666666666666
2061,52.08827495574951,72,74.82
2062,52.10390520095825,72,74.51
2063,52.13514590263367,72,74.57
2064,52.15077185630798,72,74.16
2065,52.18201470375061,72,75.22333333333333
2066,52.213263273239136,72,75.14
2067,52.22888779640198,72,74.81
2068,52.26013135910034,72,74.7
2069,52.27575874328613,72,74.65
2070,52.30700087547302,72,75.63333333333334
2071,52.32262897491455,72,74.81
2072,52.358200788497925,72,75.1
2073,52.373876094818115,72,74.09
2074,52.40512466430664,72,74.90666666666667
2075,52.43638038635254,72,74.77
2076,52.45199131965637,72,73.94333333333333
2077,52.48323202133179,72,74.38
2078,52.49886178970337,72,74.28
2079,52.530115604400635,72,74.85666666666667
2080,52.56134867668152,72,74.93
2081,52.57698369026184,72,75.00666666666666
2082,52.60821866989136,72,74.72666666666667
2083,52.62384843826294,72,74.76
2084,52.65509796142578,72,75.06
2085,52.68633532524109,72,74.6
2086,52.701966285705566,72,74.45333333333333
2087,52.733206033706665,72,74.09333333333333
2088,52.7644624710083,72,73.87
2089,52.78007936477661,72,74.52
2090,52.81132459640503,72,74.65666666666667
2091,52.82694435119629,72,74.02333333333333
2092,52.85344839096069,72,74.52333333333333
2093,52.88998508453369,72,74.71666666666667
2094,52.905651569366455,72,74.83
2095,52.93689465522766,72,74.27333333333333
2096,52.95251703262329,72,74.61
2097,52.9837646484375,72,74.22333333333333
2098,53.015010595321655,72,74.79333333333334
2099,53.03064322471619,72,74.54666666666667
2100,53.06188750267029,72,74.84666666666666
2101,53.07750654220581,72,73.69
2102,53.10876154899597,72,74.23666666666666
2103,53.14000153541565,72,73.93666666666667
2104,53.15562105178833,72,74.71333333333334
2105,53.18687582015991,72,75.20666666666666
2106,53.20249629020691,72,74.45
2107,53.233739376068115,72,74.81
2108,53.26499152183533,72,74.26
2109,53.28060722351074,72,74.74
2110,53.31185960769653,72,75.26666666666667
2111,53.34310245513916,72,75.06666666666666
2112,53.35873460769653,72,74.92666666666666
2113,53.394200801849365,72,74.72333333333333
2114,53.40981960296631,72,75.28
2115,53.44106721878052,72,74.91
2116,53.456690073013306,72,74.98333333333333
2117,53.487940549850464,72,74.66
2118,53.51918268203735,72,75.01
2119,53.53480648994446,72,75.09333333333333
2120,53.566057205200195,72,74.36333333333333
2121,53.59731149673462,72,74.35
2122,53.61292338371277,72,74.41333333333333
2123,53.64417552947998,72,74.84666666666666
2124,53.65979313850403,72,74.67666666666666
2125,53.691049337387085,72,74.78666666666666
2126,53.722288608551025,72,74.80666666666667
2127,53.73791980743408,72,74.69666666666667
2128,53.76915788650513,72,74.50333333333333
2129,53.800414085388184,72,74.32
2130,53.81603026390076,72,74.55666666666667
2131,53.84727478027344,72,75.22333333333333
2132,53.86290764808655,72,74.22
2133,53.89838480949402,72,74.53666666666666
2134,53.92965030670166,72,74.58
2135,53.945279359817505,72,75.19333333333333
2136,53.976526498794556,72,74.99333333333334
2137,53.99214053153992,72,74.49666666666667
2138,54.0233895778656,72,74.58666666666667
2139,54.054646253585815,72,74.69333333333333
2140,54.070266008377075,72,74.75
2141,54.10150361061096,72,74.74333333333334
2142,54.132752418518066,72,75.14666666666666
2143,54.14837694168091,72,74.48333333333333
2144,54.17963099479675,72,74.93333333333334
2145,54.1952440738678,72,75.38
2146,54.22649908065796,72,75.48666666666666
2147,54.257737159729004,72,74.82333333333334
2148,54.27336502075195,72,74.81
2149,54.30460810661316,72,74.52666666666667
2150,54.3358678817749,72,74.46333333333334
2151,54.351489782333374,72,74.51333333333334
2152,54.38712978363037,72,73.76
2153,54.402799129486084,72,74.91666666666667
2154,54.434046268463135,72,75.61333333333333
2155,54.4652955532074,72,74.65333333333334
2156,54.4809193611145,72,75.26333333333334
2157,54.5121648311615,72,74.51666666666667
2158,54.52778387069702,72,74.5
2159,54.55903387069702,72,74.95333333333333
2160,54.59027934074402,72,75.15666666666667
2161,54.605905055999756,72,75.22333333333333
2162,54.63715171813965,72,74.77333333333333
2163,54.66840648651123,72,74.73333333333333
2164,54.68403601646423,72,74.85333333333334
2165,54.71526384353638,72,75.27333333333333
2166,54.74651098251343,72,73.87333333333333
2167,54.762134075164795,72,74.41666666666667
2168,54.793381690979004,72,74.98333333333333
2169,54.82462763786316,72,75.06333333333333
2170,54.84025979042053,72,74.48
2171,54.87150812149048,72,74.52
2172,54.89104890823364,72,74.73333333333333
2173,54.922343492507935,72,74.64
2174,54.95358633995056,72,74.48666666666666
2175,54.96922063827515,72,74.26666666666667
2176,55.0004563331604,72,74.26333333333334
2177,55.03170299530029,72,74.91
2178,55.047337770462036,72,74.95
2179,55.085012435913086,72,74.62
2180,55.106523275375366,72,74.52666666666667
2181,55.122150897979736,72,75.22666666666667
2182,55.153400897979736,72,75.07
2183,55.18465566635132,72,74.95666666666666
2184,55.20028257369995,72,74.8
2185,55.2315092086792,72,74.64
2186,55.262757539749146,72,75.21333333333334
2187,55.278383016586304,72,75.3
2188,55.30963492393494,72,75.55
2189,55.32525420188904,72,75.24666666666667
2190,55.35650968551636,72,74.51
2191,55.39161705970764,72,74.32333333333334
2192,55.40729260444641,72,74.24333333333334
2193,55.438530921936035,72,74.52333333333333
2194,55.454156160354614,72,74.42
2195,55.48540663719177,72,74.47666666666667
2196,55.51665496826172,72,74.61333333333333
2197,55.532273054122925,72,74.85333333333334
2198,55.56351900100708,72,75.03
2199,55.594764709472656,72,74.31333333333333
2200,55.610387563705444,72,74.58666666666667
2201,55.64163827896118,72,74.53666666666666
2202,55.65726137161255,72,74.22666666666667
2203,55.68850326538086,72,74.94333333333333
2204,55.71975016593933,72,74.19666666666667
2205,55.735377073287964,72,74.52666666666667
2206,55.76662039756775,72,75.05333333333333
2207,55.79786658287048,72,74.39
2208,55.81348991394043,72,74.28666666666666
2209,55.84473705291748,72,75.08333333333333
2210,55.87599539756775,72,74.88666666666667
2211,55.895939350128174,72,74.88666666666667
2212,55.92723083496094,72,74.61333333333333
2213,55.942853689193726,72,74.53
2214,55.9741005897522,72,74.79666666666667
2215,56.005348205566406,72,74.83666666666667
2216,56.020973205566406,72,74.67666666666666
2217,56.05221962928772,72,74.34
2218,56.06783962249756,72,74.23333333333333
2219,56.09908986091614,72,74.37
2220,56.130337715148926,72,74.38333333333334
2221,56.145957946777344,72,74.50666666666666
2222,56.17720937728882,72,74.47
2223,56.20845150947571,72,74.9
2224,56.22407388687134,72,75.68333333333334
2225,56.255322217941284,72,75.2
2226,56.286576986312866,72,75.20333333333333
2227,56.30219292640686,72,74.11333333333333
2228,56.33343744277954,72,74.83333333333333
2229,56.364683866500854,72,74.98
2230,56.380309104919434,72,74.80333333333333
2231,56.41608023643494,72,75.14
2232,56.43171191215515,72,74.68666666666667
2233,56.462955713272095,72,74.93666666666667
2234,56.47858452796936,72,75.40333333333334
2235,56.50982189178467,72,75.37666666666667
2236,56.54107642173767,72,74.66666666666667
2237,56.55670619010925,72,74.46666666666667
2238,56.58794593811035,72,74.51666666666667
2239,56.61918354034424,72,73.87333333333333
2240,56.63481688499451,72,74.53333333333333
2241,56.66606569290161,72,74.76666666666667
2242,56.69731140136719,72,74.85666666666667
2243,56.7129328250885,72,74.64333333333333
2244,56.74418067932129,72,74.47
2245,56.7598021030426,72,74.50333333333333
2246,56.79104995727539,72,74.86
2247,56.82229566574097,72,74.60333333333334
2248,56.83791399002075,72,74.40666666666667
2249,56.8745756149292,72,74.3
2250,56.90076494216919,72,74.49666666666667
2251,56.921936988830566,72,74.48666666666666
2252,56.953227519989014,72,74.71333333333334
2253,56.96884822845459,72,74.27666666666667
2254,57.00009870529175,72,74.36333333333333
2255,57.01571750640869,72,74.84333333333333
2256,57.04899454116821,72,75.06333333333333
2257,57.08060431480408,72,74.57666666666667
2258,57.09624147415161,72,75.18
2259,57.12747001647949,72,74.74
2260,57.158716440200806,72,75.27666666666667
2261,57.17433977127075,72,75.14666666666666
2262,57.2055881023407,72,74.84
2263,57.22121477127075,72,75.56333333333333
2264,57.252471685409546,72,75.85333333333334
2265,57.28370141983032,72,75.07333333333334
2266,57.29933023452759,72,74.68
2267,57.330572843551636,72,74.79333333333334
2268,57.36182522773743,72,74.54333333333334
2269,57.377445936203,72,75.03333333333333
2270,57.41248536109924,72,74.70333333333333
2271,57.42815375328064,72,74.95666666666666
2272,57.459399700164795,72,73.93
2273,57.47502398490906,72,74.04666666666667
2274,57.506277322769165,72,74.68666666666667
2275,57.53751802444458,72,75.08666666666667
2276,57.55314302444458,72,75.8
2277,57.584397315979004,72,74.59666666666666
2278,57.61563992500305,72,74.95
2279,57.63125920295715,72,75.12333333333333
2280,57.66250991821289,72,74.89666666666666
2281,57.678144454956055,72,74.57333333333334
2282,57.70937728881836,72,74.32
2283,57.74061942100525,72,75.02666666666667
2284,57.756245374679565,72,75.30666666666667
2285,57.78749322891235,72,75.21666666666667
2286,57.818748474121094,72,74.91
2287,57.834367513656616,72,74.93333333333334
2288,57.87327289581299,72,74.61666666666666
2289,57.892260789871216,72,74.67666666666666
2290,57.923504114151,72,74.55666666666667
2291,57.94340801239014,72,74.47333333333333
2292,57.9746458530426,72,74.99666666666667
2293,57.99026846885681,72,74.8
2294,58.02151679992676,72,75.07333333333334
2295,58.0527617931366,72,74.93666666666667
2296,58.06838607788086,72,75.38333333333334
2297,58.099631547927856,72,74.48333333333333
2298,58.13087821006775,72,75.03333333333333
2299,58.14651346206665,72,74.94
2300,58.17775297164917,72,74.76
2301,58.20899510383606,72,74.83
2302,58.22462797164917,72,74.39333333333333
2303,58.25586652755737,72,74.8
2304,58.287110805511475,72,74.87
2305,58.30273914337158,72,74.72
2306,58.33398079872131,72,75.11333333333333
2307,58.36523127555847,72,74.38666666666667
2308,58.38085103034973,72,75.05666666666667
2309,58.41209840774536,72,74.97666666666667
2310,58.43136811256409,72,74.25666666666666
2311,58.459266662597656,72,74.18
2312,58.490562200546265,72,74.11
2313,58.52181386947632,72,73.99333333333334
2314,58.53743505477905,72,74.73333333333333
2315,58.568690061569214,72,74.45333333333333
2316,58.58430337905884,72,74.06666666666666
2317,58.61554932594299,72,74.68666666666667
2318,58.64679956436157,72,74.64333333333333
2319,58.662426471710205,72,74.65
2320,58.69366717338562,72,74.95
2321,58.724912881851196,72,74.81666666666666
2322,58.740546226501465,72,75.08333333333333
2323,58.771782875061035,72,74.38
2324,58.80303072929382,72,74.48333333333333
2325,58.81865310668945,72,75.06
2326,58.849900245666504,72,75.13666666666667
2327,58.88114809989929,72,75.29
2328,58.896777629852295,72,75.02333333333333
2329,58.931784868240356,72,74.83333333333333
2330,58.94746112823486,72,75.07666666666667
2331,58.978702545166016,72,74.51
2332,59.009944677352905,72,74.47333333333333
2333,59.025574922561646,72,75.04333333333334
2334,59.05681610107422,72,74.25333333333333
2335,59.08806347846985,72,74.64333333333333
2336,59.10368728637695,72,74.84
2337,59.13493323326111,72,74.72
2338,59.15056014060974,72,74.97
2339,59.18180298805237,72,74.91333333333333
2340,59.21305012702942,72,75.11666666666666
2341,59.22867274284363,72,74.99
2342,59.2599196434021,72,74.64
2343,59.29117393493652,72,74.43333333333334
2344,59.30678987503052,72,74.47
2345,59.338038206100464,72,74.37
2346,59.36928987503052,72,74.43666666666667
2347,59.384907484054565,72,74.58333333333333
2348,59.416152238845825,72,75.36333333333333
2349,59.436060428619385,72,74.44666666666667
2350,59.46735215187073,72,75.15666666666667
2351,59.498597383499146,72,74.79
2352,59.51422643661499,72,74.59
2353,59.5454683303833,72,74.20666666666666
2354,59.57671546936035,72,74.71
2355,59.59233856201172,72,74.33
2356,59.623587131500244,72,74.44666666666667
2357,59.63920855522156,72,74.66666666666667
2358,59.670462131500244,72,75.11
2359,59.70170211791992,72,74.49666666666667
2360,59.71732449531555,72,75.23
2361,59.748581409454346,72,74.89666666666666
2362,59.77981948852539,72,75.0
2363,59.79544734954834,72,74.67333333333333
2364,59.82669138908386,72,74.75333333333333
2365,59.842312812805176,72,75.11
2366,59.87355852127075,72,74.42666666666666
2367,59.9048068523407,72,74.73333333333333
2368,59.92043948173523,72,75.37666666666667
2369,59.955913066864014,72,75.24333333333334
2370,59.982635736465454,72,74.43333333333334
2371,59.99830889701843,72,74.26666666666667
